"is_read","title","message","type","user_id","id","created_date","updated_date","created_by_id","created_by","is_sample"
"false","❌ Task Rejected","""Data Entry"" rejected. Reason: You have made several mistakes in the task. Please review your report file carefully.      https://drive.google.com/file/d/1PlMov0CHVU-9obHEYC1qBQoKuNXHeWcE/view?usp=drivesdk","rejection","69e080c316eada7181a563d4","6a2c2f599871a1b746af4120","2026-06-12T16:10:01.477000","2026-06-12T16:10:01.477000","69c78a963cd6683d792802fc","tiwariutsav108@gmail.com","false"
"false","✅ Task Approved!","Data Entry approved! ₹200 credited to your wallet.","approval","69e618e0cd9ea118cc9f4bff","6a2c27447120d9892ac95abf","2026-06-12T15:35:32.342000","2026-06-12T15:35:32.342000","anonymous","anonymous","false"
"false","❌ Task Rejected","""Data Entry"" rejected. Reason: You have made several mistakes in the task. Please review your report file carefully.        https://drive.google.com/file/d/1Q8F0yUogNh7-HVqlGxXYd38_eBOdFiFD/view?usp=drivesdk","rejection","69e618e0cd9ea118cc9f4bff","6a2c26becfa308fe7cf0f5c6","2026-06-12T15:33:18.245000","2026-06-12T15:33:18.245000","anonymous","anonymous","false"
"false","💰 ₹12750 Added to Wallet","Task Reward
. New Balance: ₹12750.00","bonus","6a2574f260a9a0a25f7b25f8","6a25758bb7dd1bb02942ca09","2026-06-07T13:43:39.184000","2026-06-07T13:43:39.184000","anonymous","anonymous","false"
"false","💰 ₹14575 Added to Wallet","Task Reward. New Balance: ₹14575.00","bonus","6a2574c6a424997daa4b9a5d","6a257573587da57dcc1bdffa","2026-06-07T13:43:15.655000","2026-06-07T13:43:15.655000","anonymous","anonymous","false"
"false","💰 ₹16800 Added to Wallet","Task Reward. New Balance: ₹16800.00","bonus","6a2570e981b4a9953d44b40d","6a25744a40918096b95b89ac","2026-06-07T13:38:18.670000","2026-06-07T13:38:18.670000","anonymous","anonymous","false"
"false","💰 ₹18025 Added to Wallet","Task Reward. New Balance: ₹18025.00","bonus","6a257079e13c7177b3471746","6a25743209e0c8121fabf090","2026-06-07T13:37:54.042000","2026-06-07T13:37:54.042000","anonymous","anonymous","false"
"false","💰 ₹19250 Added to Wallet","Task Reward. New Balance: ₹19250.00","bonus","6a257035d67d10b4f8427529","6a257418ecf8a69c3cfd411f","2026-06-07T13:37:28.977000","2026-06-07T13:37:28.977000","anonymous","anonymous","false"
"false","💰 ₹20475 Added to Wallet","Task Reward. New Balance: ₹20475.00","bonus","6a256fea2312360cf26c18fc","6a2573f8569a4b132dc4371c","2026-06-07T13:36:56.636000","2026-06-07T13:36:56.636000","anonymous","anonymous","false"
"false","💰 ₹21700 Added to Wallet","Task Reward. New Balance: ₹21700.00","bonus","6a256ea5b8b6597cff6a910c","6a2573d1c56135e0e615cc7a","2026-06-07T13:36:17.226000","2026-06-07T13:36:17.226000","anonymous","anonymous","false"
"false","💰 ₹22925 Added to Wallet","Task Rewards. New Balance: ₹22925.00","bonus","6a256ddc5e9da4d2ac5ea3f3","6a257369beab5eea85a1fa57","2026-06-07T13:34:33.522000","2026-06-07T13:34:33.522000","anonymous","anonymous","false"
"false","💰 ₹23750 Added to Wallet","Task Earnings. New Balance: ₹23750.00","bonus","6a256d8dcdc52d4f2beb1124","6a25732eb1bc237e5b49c4c8","2026-06-07T13:33:34.474000","2026-06-07T13:33:34.474000","anonymous","anonymous","false"
"false","❌ Task Rejected","""Form Filling"" rejected. Reason: you have submitted the same excel sheet that was given to you to complete the task. please complete the task from the excel sheet in the portal the submit your work file","rejection","69de121de938868996f01133","6a206e8c045bc42850ab5c4e","2026-06-03T18:12:28.406000","2026-06-03T18:12:28.406000","anonymous","anonymous","false"
"false","❌ Task Rejected","""Data Entry"" rejected. Reason: You have made several mistakes in the task. Please review your report file carefully.   https://drive.google.com/file/d/1TMLC-hzu3uHfbAHgBS6AOf_x1wEC8I4N/view?usp=drivesdk","rejection","69e618e0cd9ea118cc9f4bff","6a1a54a5cac1588f3a1292d4","2026-05-30T03:08:21.466000","2026-05-30T03:08:21.466000","anonymous","anonymous","false"
"false","❌ Task Rejected","""Data Entry"" rejected. Reason: You have made several mistakes in the task. Please review your report file carefully.   https://drive.google.com/file/d/1Nt0XaBzgE4NdLSaHJHTQ7wtRFe-1bsqg/view?usp=drivesdk","rejection","69e618e0cd9ea118cc9f4bff","6a18769d593fa30dde28d047","2026-05-28T17:08:45.773000","2026-05-28T17:08:45.773000","anonymous","anonymous","false"
"false","❌ Task Rejected","""Form Filling"" rejected. Reason: you have submitted the same excel sheet that was given to you to complete the task. please complete the task from the excel sheet in the portal the submit your work file","rejection","69de121de938868996f01133","6a184d71cf0f0ab040e99b60","2026-05-28T14:13:05.473000","2026-05-28T14:13:05.473000","anonymous","anonymous","false"
"false","❌ Task Rejected","""Data Entry"" rejected. Reason: you have completed only 1 entry","rejection","69d3846679da668f9db1387b","6a1517fe7eff14290ca44858","2026-05-26T03:48:14.623000","2026-05-26T03:48:14.624000","anonymous","anonymous","false"
"false","❌ Task Rejected","""Form Filling"" rejected. Reason: you have submitted the same excel sheet that was given to you to complete the task. please complete the task from the excel sheet in the portal the submit your work file","rejection","69de121de938868996f01133","6a1517df3a836def0d27a292","2026-05-26T03:47:43.398000","2026-05-26T03:47:43.398000","anonymous","anonymous","false"
"false","❌ Task Rejected","""Form Filling"" rejected. Reason: you have submitted the same excel sheet that was given to you to complete the task. please complete the task from the excel sheet in the portal the submit your work file","rejection","69de121de938868996f01133","6a10802f8f93eab12e34e2ba","2026-05-22T16:11:27.750000","2026-05-22T16:11:27.750000","anonymous","anonymous","false"
"false","❌ Task Rejected","""Data Entry"" rejected. Reason: you have submitted the same excel sheet that was given to you to complete the task. please complete the task from the excel sheet in the portal the submit your work file","rejection","69de121de938868996f01133","6a10802804759ce8821b104f","2026-05-22T16:11:20.436000","2026-05-22T16:11:20.436000","anonymous","anonymous","false"
"false","❌ Task Rejected","""Data Entry"" rejected. Reason: You have made several mistakes in the task. Please review your report file carefully.             https://drive.google.com/file/d/1in94YIQPU3N5KRr451QLBtOODWuyeWRL/view?usp=drivesdk","rejection","69d8d9fee96ddf658a297167","6a0d1571f5497543b7bedeb8","2026-05-20T01:59:13.611000","2026-05-20T01:59:13.611000","anonymous","anonymous","false"
"false","❌ Task Rejected","""Data Entry"" rejected. Reason: You have made several mistakes in the task. Please review your report file carefully.    https://drive.google.com/file/d/1Wb4FOVibn4d0S19v0lMMIThPQydGN6g-/view?usp=drivesdk","rejection","69d8d9fee96ddf658a297167","6a0d14988dfc0a90fadcebf5","2026-05-20T01:55:36.283000","2026-05-20T01:55:36.283000","anonymous","anonymous","false"
"false","❌ Task Rejected","""Form Filling"" rejected. Reason: you have submitted the same excel sheet that was given to you to complete the task. please complete the task from the excel sheet in the portal the submit your work file","rejection","69de121de938868996f01133","6a0d13c60526e8f0d472bc57","2026-05-20T01:52:06.846000","2026-05-20T01:52:06.846000","anonymous","anonymous","false"
"false","❌ Task Rejected","""Data Entry"" rejected. Reason: you have submitted the same excel sheet that was given to you to complete the task. please complete the task from the excel sheet in the portal the submit your work file","rejection","69de121de938868996f01133","6a0d13b913186fcc63c403a2","2026-05-20T01:51:53.598000","2026-05-20T01:51:53.598000","anonymous","anonymous","false"
"false","❌ Task Rejected","""Data Entry"" rejected. Reason: You have not provided access to the Google Drive file, which is why we are unable to open it. Please grant the necessary permissions and resubmit the file.","rejection","69d8d9fee96ddf658a297167","6a07322b640457d24e0b8186","2026-05-15T14:48:11.233000","2026-05-15T14:48:11.233000","anonymous","anonymous","false"
"false","❌ Task Rejected","""Data Entry"" rejected. Reason: You have made several mistakes in the task. Please review your report file carefully.    https://drive.google.com/file/d/191fQuArDIiLjC982YxB4-iz6XTkyxKU1/view?usp=drivesdk","rejection","69ce04fb1ae8004564d4a5a7","6a05df608bb5e7744128efbd","2026-05-14T14:42:40.615000","2026-05-14T14:42:40.615000","anonymous","anonymous","false"
"false","❌ Task Rejected","""Data Entry"" rejected. Reason: You have made several mistakes in the task. Please review your report file carefully.   https://drive.google.com/file/d/1Ya8WzhNamV7WWZi_60O9sQLBeJ3G3x8P/view?usp=drivesdk","rejection","69ce047408544a65d7f37308","6a05dea123f55960e14b09e5","2026-05-14T14:39:29.582000","2026-05-14T14:39:29.582000","anonymous","anonymous","false"
"false","❌ Task Rejected","""Data Entry"" rejected. Reason: you have submitted the same excel sheet that was given to you to complete the task. please complete the task from the excel sheet in the portal the submit your work file","rejection","69d8d9fee96ddf658a297167","6a05dde9d683bd713aac1f5f","2026-05-14T14:36:25.120000","2026-05-14T14:36:25.120000","anonymous","anonymous","false"
"false","❌ Task Rejected","""Form Filling"" rejected. Reason: you have submitted the same excel sheet that was given to you to complete the task. please complete the task from the excel sheet in the portal the submit your work file","rejection","69de121de938868996f01133","6a05ddc6219aa26e5844a7e4","2026-05-14T14:35:50.556000","2026-05-14T14:35:50.556000","anonymous","anonymous","false"
"false","❌ Task Rejected","""Data Entry"" rejected. Reason: you have submitted the same excel sheet that was given to you to complete the task. please complete the task from the excel sheet in the portal the submit your work file","rejection","69de121de938868996f01133","6a05ddb97830e5afca696a2e","2026-05-14T14:35:37.285000","2026-05-14T14:35:37.285000","anonymous","anonymous","false"
"false","❌ Task Rejected","""Data Entry"" rejected. Reason: You have made several mistakes in the task. Please review your report file carefully.   https://drive.google.com/file/d/1CMumxjpPrKjfVTHhAYWbFy8M2B-TUbw9/view?usp=drivesdk","rejection","69ce07003023e363f36f9163","6a020f7f6131a42b65895322","2026-05-11T17:18:55.666000","2026-05-11T17:18:55.666000","anonymous","anonymous","false"
"false","❌ Task Rejected","""Form Filling"" rejected. Reason: you have submitted the same excel sheet that was given to you to complete the task. please complete the task from the excel sheet in the portal the submit your work file","rejection","69de121de938868996f01133","6a020df132f5ea5e44b090d5","2026-05-11T17:12:17.853000","2026-05-11T17:12:17.853000","anonymous","anonymous","false"
"false","❌ Task Rejected","""Form Filling"" rejected. Reason: you have submitted the same excel sheet that was given to you to complete the task. please complete the task from the excel sheet in the portal the submit your work file","rejection","69ce057536ae09b05b567b92","69fdf5b42608b678459324c9","2026-05-08T14:39:48.163000","2026-05-08T14:39:48.163000","anonymous","anonymous","false"
"false","❌ Task Rejected","""Data Entry"" rejected. Reason: You have made several mistakes in the task. Please review your report file carefully.    https://drive.google.com/file/d/1H4G7ghaJbBwSYkBDYOXPh_8TNyt4llkO/view?usp=drivesdk","rejection","69e61963cd9ea118cc9f4d2b","69fd571fc0ea0dd7ce87f3c6","2026-05-08T03:23:11.496000","2026-05-08T03:23:11.496000","anonymous","anonymous","false"
"false","❌ Task Rejected","""Data Entry"" rejected. Reason: It appears that you have used a third-party extension or tool to copy and paste content into the task instead of typing it manually, which is against our guidelines. This is considered suspicious activity and may lead to strict action. Your account could be suspended or permanently banned if such behavior continues.","rejection","69eb55ccb14d7094c35bff5b","69fd564ad429206f331390af","2026-05-08T03:19:38.170000","2026-05-08T03:19:38.170000","anonymous","anonymous","false"
"false","❌ Task Rejected","""Data Entry"" rejected. Reason: You have made several mistakes in the task. Please review your report file carefully. https://drive.google.com/file/d/1UkKMptJODCTJbvg_yvIPcplBjGj9Aijp/view?usp=drivesdk","rejection","69e61963cd9ea118cc9f4d2b","69fcbe6f56b8f9df18b74042","2026-05-07T16:31:43.930000","2026-05-07T16:31:43.930000","anonymous","anonymous","false"
"false","❌ Task Rejected","""Data Entry"" rejected. Reason: you have submitted the same excel sheet that was given to you to complete the task.","rejection","69ce057536ae09b05b567b92","69fb5556a53f85e954285fd9","2026-05-06T14:51:02.049000","2026-05-06T14:51:02.049000","anonymous","anonymous","false"
"false","❌ Task Rejected","""Data Entry"" rejected. Reason: You have made several mistakes in the task. Please review your report file carefully. https://drive.google.com/file/d/1gTWp7KreCDPigVAdqXRNWuRuq-x8K5Ee/view?usp=drive_link","rejection","69e080c316eada7181a563d4","69fb549d3aa8aef69d7d0766","2026-05-06T14:47:57.751000","2026-05-06T14:47:57.751000","anonymous","anonymous","false"
"false","❌ Task Rejected","""Data Entry"" rejected. Reason: You have made several mistakes in the task. Please review your report file carefully.          https://drive.google.com/file/d/17zbIKq-EXZVB_5FmL2WyJwKZGCmKgSIX/view?usp=drive_link","rejection","69e080c316eada7181a563d4","69fa03049f6b7414177bf9ab","2026-05-05T14:47:32.435000","2026-05-05T14:47:32.435000","anonymous","anonymous","false"
"false","❌ Task Rejected","""Data Entry"" rejected. Reason: You have made several mistakes in the task. Please review your report file carefully.            https://drive.google.com/file/d/1wQtSNB5dm6jmMer-KZvpMd5wXY0TQFWV/view?usp=drive_link","rejection","69e61963cd9ea118cc9f4d2b","69fa02aa7631dda2eb297cdb","2026-05-05T14:46:02.845000","2026-05-05T14:46:02.845000","anonymous","anonymous","false"
"false","❌ Task Rejected","""Data Entry"" rejected. Reason: You have made several mistakes in the task. Please review your report file carefully. https://drive.google.com/file/d/1BhG1aRZsk-bFmarA5M9uziwxfzMVKJeq/view?usp=drive_link","rejection","69e61963cd9ea118cc9f4d2b","69fa02179abf5183c5748984","2026-05-05T14:43:35.513000","2026-05-05T14:43:35.513000","anonymous","anonymous","false"
"false","❌ Task Rejected","""PDF to Word Typing"" rejected. Reason: It appears that you have used a third-party extension or tool to copy and paste content into the task instead of typing it manually, which is against our guidelines. This is considered suspicious activity and may lead to strict action. Your account could be suspended or permanently banned if such behavior continues.","rejection","69d3846679da668f9db1387b","69f9f9c0e79b6c8c621347d2","2026-05-05T14:08:00.652000","2026-05-05T14:08:00.652000","anonymous","anonymous","false"
"false","❌ Task Rejected","""PDF to Word Typing"" rejected. Reason: It appears that you have used a third-party extension or tool to copy and paste content into the task instead of typing it manually, which is against our guidelines. This is considered suspicious activity and may lead to strict action. Your account could be suspended or permanently banned if such behavior continues.","rejection","69d3536db57b9cb53e1aff8a","69f9f94c57e53181b051d913","2026-05-05T14:06:04.134000","2026-05-05T14:06:04.134000","anonymous","anonymous","false"
"false","❌ Task Rejected","""PDF to Word Typing"" rejected. Reason: It appears that you have used a third-party extension or tool to copy and paste content into the task instead of typing it manually, which is against our guidelines. This is considered suspicious activity and may lead to strict action. Your account could be suspended or permanently banned if such behavior continues.","rejection","69eb55ccb14d7094c35bff5b","69f6b884d32289e68fa1f859","2026-05-03T02:52:52.829000","2026-05-03T02:52:52.829000","anonymous","anonymous","false"
"false","❌ Task Rejected","""Grammar Correction"" rejected. Reason: It appears that you have used a third-party extension or tool to copy and paste content into the task instead of typing it manually, which is against our guidelines. This is considered suspicious activity and may lead to strict action. Your account could be suspended or permanently banned if such behavior continues.","rejection","69eb55ccb14d7094c35bff5b","69f6b87d6830e54991428887","2026-05-03T02:52:45.964000","2026-05-03T02:52:45.964000","anonymous","anonymous","false"
"false","❌ Task Rejected","""Form Filling"" rejected. Reason: You have not provided access to the Google Drive file, which is why we are unable to open it. Please grant the necessary permissions and resubmit the file.","rejection","69e7508f9d195e0534a753ec","69f6b86697c6a907697565be","2026-05-03T02:52:22.482000","2026-05-03T02:52:22.482000","anonymous","anonymous","false"
"false","❌ Task Rejected","""Form Filling"" rejected. Reason: again you have submitted the same excel sheet that was given to you to complete the task ","rejection","69ce057536ae09b05b567b92","69f6b856a68c14d462181bed","2026-05-03T02:52:06.498000","2026-05-03T02:52:06.498000","anonymous","anonymous","false"
"false","❌ Task Rejected","""Data Entry"" rejected. Reason: You have made several mistakes in the task. Please review your report file carefully.   https://drive.google.com/file/d/1yTRRih2BLIvsbU5x10cro1m8sIN3bOz7/view?usp=drive_link","rejection","69dde793aa4f6698371f73da","69f6b82e57320ded87aba7cd","2026-05-03T02:51:26.398000","2026-05-03T02:51:26.398000","anonymous","anonymous","false"
"false","❌ Task Rejected","""Form Filling"" rejected. Reason: you have submitted the same excel sheet that was given to you to complete the task ","rejection","69ce057536ae09b05b567b92","69f6b5e7dcdbe0c7e9a2d9dd","2026-05-03T02:41:43.644000","2026-05-03T02:41:43.644000","anonymous","anonymous","false"
"false","❌ Task Rejected","""Data Entry"" rejected. Reason: You have made several mistakes in the task. Please review your report file carefully. https://drive.google.com/file/d/1da9hjngY5Tmj5lMH1dvudO1Mqz1Lrnvq/view?usp=drive_link","rejection","69e61963cd9ea118cc9f4d2b","69f6b5b0574eb197d76076eb","2026-05-03T02:40:48.832000","2026-05-03T02:40:48.832000","anonymous","anonymous","false"
"false","❌ Task Rejected","""Form Filling"" rejected. Reason: You have made several mistakes in the task. Please review your report file carefully.             https://drive.google.com/file/d/1lziOySaHxJzOwfqxlYbC6j2Jmlb0U_ck/view?usp=drive_link","rejection","69dde793aa4f6698371f73da","69f38431c751e5654bc02698","2026-04-30T16:32:49.242000","2026-04-30T16:32:49.242000","anonymous","anonymous","false"
"false","❌ Task Rejected","""Data Entry"" rejected. Reason: You have made several mistakes in the task. Please review your report file carefully.   https://drive.google.com/file/d/1dku1n-0CiefgbZeiz-oAeRpIgRP98_eV/view?usp=drive_link","rejection","69eb94b62633983272a229f2","69f382fff04da1526567063f","2026-04-30T16:27:43.158000","2026-04-30T16:27:43.158000","anonymous","anonymous","false"
"false","❌ Task Rejected","""Data Entry"" rejected. Reason: Your data entry file dated 27/04/2026 had already been checked. Based on the report provided, you edited the same date’s text file, corrected it, and resubmitted it today. This is not allowed as per the guidelines.","rejection","69eb55ccb14d7094c35bff5b","69f3828f2ce1e23b51def0b4","2026-04-30T16:25:51.986000","2026-04-30T16:25:51.986000","anonymous","anonymous","false"
"false","❌ Task Rejected","""Data Entry"" rejected. Reason: You have made several mistakes in the task. Please review your report file carefully.    https://drive.google.com/file/d/1WfwD3ato_NXpwM0skr0f2C_kLKPC5znD/view?usp=drive_link","rejection","69e61963cd9ea118cc9f4d2b","69f381c59bd5ff5b33abf17c","2026-04-30T16:22:29.210000","2026-04-30T16:22:29.210000","anonymous","anonymous","false"
"false","❌ Task Rejected","""Data Entry"" rejected. Reason: already checked","rejection","69e61963cd9ea118cc9f4d2b","69f324ab00772f17c4aa14c8","2026-04-30T09:45:15.667000","2026-04-30T09:45:15.667000","anonymous","anonymous","false"
"false","❌ Task Rejected","""Form Filling"" rejected. Reason: You have made several mistakes in the task. Please review your report file carefully. https://drive.google.com/file/d/1-csu1eLqLkScdIV6h2qywcwtA5ut0AjL/view?usp=drive_link","rejection","69ce057536ae09b05b567b92","69f21d0636e4938228c32d2e","2026-04-29T15:00:22.927000","2026-04-29T15:00:22.927000","anonymous","anonymous","false"
"false","❌ Task Rejected","""Data Entry"" rejected. Reason: You have made several mistakes in the task. Please review your report file carefully. https://drive.google.com/file/d/1haqP61OOBr_cx1NaCtt5x16M7zL0-VS8/view?usp=drive_link","rejection","69e61963cd9ea118cc9f4d2b","69f21a3b2a0694b40529fefe","2026-04-29T14:48:27.797000","2026-04-29T14:48:27.797000","anonymous","anonymous","false"
"false","❌ Task Rejected","""Data Entry"" rejected. Reason: You have made several mistakes in the task. Please review your report file carefully.  https://drive.google.com/file/d/1VUbakxLOo1D_yIEJ88vyQLCdYQiyASA0/view?usp=drive_link","rejection","69dde793aa4f6698371f73da","69f219c9d78a816aba6b0b8e","2026-04-29T14:46:33.251000","2026-04-29T14:46:33.251000","anonymous","anonymous","false"
"false","💰 ₹250 Added to Wallet","1 more users. New Balance: ₹750.00","bonus","69e72bd8bd9f5c1de225a4f8","69f20c323be92f3efacefefe","2026-04-29T13:48:34.923000","2026-04-29T13:48:34.923000","anonymous","anonymous","false"
"false","❌ Task Rejected","""PDF to Word Typing"" rejected. Reason: It appears that you have used a third-party extension or tool to copy and paste content into the task instead of typing it manually, which is against our guidelines. This is considered suspicious activity and may lead to strict action. Your account could be suspended or permanently banned if such behavior continues.","rejection","69eb222d620d9c8c1033741e","69f1a376aa43cb01b4711e5f","2026-04-29T06:21:42.440000","2026-04-29T06:21:42.440000","anonymous","anonymous","false"
"false","❌ Task Rejected","""PDF to Word Typing"" rejected. Reason: It appears that you have used a third-party extension or tool to copy and paste content into the task instead of typing it manually, which is against our guidelines. This is considered suspicious activity and may lead to strict action. Your account could be suspended or permanently banned if such behavior continues.","rejection","69eb222d620d9c8c1033741e","69f1a36fabdfb8f096980a52","2026-04-29T06:21:35.114000","2026-04-29T06:21:35.114000","anonymous","anonymous","false"
"false","✅ Task Approved!","Data Entry approved! ₹200 credited to your wallet.","approval","69d8d9fee96ddf658a297167","69f1a1c4700500d8a1229f82","2026-04-29T06:14:28.798000","2026-04-29T06:14:28.798000","anonymous","anonymous","false"
"false","❌ Task Rejected","""Data Entry"" rejected. Reason: You have made several mistakes in the task. Please review your report file carefully.  https://drive.google.com/file/d/1xCVGHrPxhjErF-bLKYqeEa-QG6zPCzem/view?usp=drive_link","rejection","69eb55ccb14d7094c35bff5b","69f1a1797224f118f244637b","2026-04-29T06:13:13.826000","2026-04-29T06:13:13.826000","anonymous","anonymous","false"
"false","❌ Task Rejected","""Data Entry"" rejected. Reason: You have made several mistakes in the task. Please review your report file carefully.         https://drive.google.com/file/d/1NrXKuFB9btSECKPiMBzPOPhEldJe3jhb/view?usp=drive_link","rejection","69ce057536ae09b05b567b92","69f0d139510d1c26ab036561","2026-04-28T15:24:41.129000","2026-04-28T15:24:41.129000","anonymous","anonymous","false"
"false","❌ Task Rejected","""Data Entry"" rejected. Reason: You have made several mistakes in the task. Please review your report file carefully.                                                                                  https://drive.google.com/file/d/1ZTPtfNzFOhtyV21FXLkxF6LRXq_vka56/view?usp=drive_link","rejection","69d600a1096418863f20cff9","69f0d06ca15f9e7401ff2f7e","2026-04-28T15:21:16.832000","2026-04-28T15:21:16.832000","anonymous","anonymous","false"
"false","❌ Task Rejected","""Data Entry"" rejected. Reason: You have made several mistakes in the task. Please review your report file carefully. https://drive.google.com/file/d/1FcCf0dk-ASt2dq7nBexdQ_Tqh57VXoHv/view?usp=drive_link","rejection","69ec63b7239e922f010db8a3","69f0cf85ab61603494607b43","2026-04-28T15:17:25.447000","2026-04-28T15:17:25.447000","anonymous","anonymous","false"
"false","❌ Task Rejected","""Data Entry"" rejected. Reason: You have made several mistakes in the task. Please review your report file carefully. https://drive.google.com/file/d/1mGhLPnEANZxxVaabp_Z5hEwmmsADtYhq/view?usp=drive_link","rejection","69dde793aa4f6698371f73da","69f0ceaa80d17730ffa4f486","2026-04-28T15:13:46.705000","2026-04-28T15:13:46.705000","anonymous","anonymous","false"
"false","❌ Task Rejected","""Data Entry"" rejected. Reason: You have made several mistakes in the task. Please review your report file carefully. https://drive.google.com/file/d/1K0Rv1Cg-vVtGr4-gWBTPXF6yG5zbJtCW/view?usp=drive_link","rejection","69e61963cd9ea118cc9f4d2b","69f0cde5936becbc2ae2ba1d","2026-04-28T15:10:29.120000","2026-04-28T15:10:29.120000","anonymous","anonymous","false"
"false","❌ Task Rejected","""Data Entry"" rejected. Reason: You have made several mistakes in the task. Please review your report file carefully.  https://drive.google.com/file/d/1dJRzA9q8Dpv0iSpVxiThgnt0HmOWfM-L/view?usp=drive_link","rejection","69ec63b7239e922f010db8a3","69f0282dad3c080257181bf0","2026-04-28T03:23:25.302000","2026-04-28T03:23:25.302000","anonymous","anonymous","false"
"false","❌ Task Rejected","""Form Filling"" rejected. Reason: You have submitted an incomplete task. Please complete the entire task and then resubmit the file.","rejection","69eb222d620d9c8c1033741e","69f026f76265e71caae35e74","2026-04-28T03:18:15.906000","2026-04-28T03:18:15.906000","anonymous","anonymous","false"
"false","❌ Task Rejected","""Grammar Correction"" rejected. Reason: You have made several mistakes in the task. Please review your report file carefully. https://drive.google.com/file/d/1fbjnlHogd1aYxkrgEs0aW8J9AxpeT63V/view?usp=drive_link","rejection","69eb222d620d9c8c1033741e","69f026e0120458fd401b1aa6","2026-04-28T03:17:52.148000","2026-04-28T03:17:52.148000","anonymous","anonymous","false"
"false","❌ Task Rejected","""Grammar Correction"" rejected. Reason: It appears that you have used a third-party extension or tool to copy and paste content into the task instead of typing it manually, which is against our guidelines. This is considered suspicious activity and may lead to strict action. Your account could be suspended or permanently banned if such behavior continues.      https://drive.google.com/file/d/1O6nGNrRz59OBZI28vPC-fnVojQLzyUn9/view?usp=drive_link","rejection","69eb222d620d9c8c1033741e","69f0264227669f7800ab3c71","2026-04-28T03:15:14.026000","2026-04-28T03:15:14.026000","anonymous","anonymous","false"
"false","❌ Task Rejected","""Data Entry"" rejected. Reason: You have made several mistakes in the task. Please review your report file carefully.  https://drive.google.com/file/d/1DYNkvO2ChT31DVMrM8WahIvdviwVj-l7/view?usp=drive_link","rejection","69ce07003023e363f36f9163","69f02480fd47e17af68dd595","2026-04-28T03:07:44.696000","2026-04-28T03:07:44.696000","anonymous","anonymous","false"
"false","❌ Task Rejected","""Data Entry"" rejected. Reason: You have not provided access to the Google Drive file, which is why we are unable to open it. Please grant the necessary permissions and resubmit the file.","rejection","69e7508f9d195e0534a753ec","69f024155042050ba6d5f72a","2026-04-28T03:05:57.277000","2026-04-28T03:05:57.277000","anonymous","anonymous","false"
"false","❌ Task Rejected","""Data Entry"" rejected. Reason: You have made several mistakes in the task. Please review your report file carefully. https://drive.google.com/file/d/153v6ATCzfbtESipXGpVTAqsvUc63NqiA/view?usp=drive_link","rejection","69dde7c34ace88ace4b2736e","69f023bc21e39239928985ca","2026-04-28T03:04:28.469000","2026-04-28T03:04:28.469000","anonymous","anonymous","false"
"false","❌ Task Rejected","""Data Entry"" rejected. Reason: You have made several mistakes in the task. Please review your report file carefully. https://drive.google.com/file/d/1PK7dV74lJHVxqeFkSuLpmP1HbkL4-Z4q/view?usp=drive_link","rejection","69d5faff5f9399792859a46d","69f02358fb0984ccb60ca9a5","2026-04-28T03:02:48.862000","2026-04-28T03:02:48.862000","anonymous","anonymous","false"
"false","❌ Task Rejected","""Data Entry"" rejected. Reason: You have made several mistakes in the task. Please review your report file carefully. https://drive.google.com/file/d/1MuiYHul8ylV9Rj_CC_VDIDgJVZSojUs-/view?usp=drive_link","rejection","69ce07003023e363f36f9163","69f0231174f7094c781f01b7","2026-04-28T03:01:37.363000","2026-04-28T03:01:37.363000","anonymous","anonymous","false"
"false","❌ Task Rejected","""PDF to Word Typing"" rejected. Reason: You have submitted an incomplete task. Please complete the entire task and then resubmit the file.","rejection","69d3846679da668f9db1387b","69f01cea0db218fcbc1335ec","2026-04-28T02:35:22.656000","2026-04-28T02:35:22.656000","anonymous","anonymous","false"
"false","❌ Task Rejected","""Form Filling"" rejected. Reason: You have made several mistakes in the task. Please review your report file carefully. https://drive.google.com/file/d/1nYcqqV-FjQRqiEBc45Qv1Z0wfL4JJ3si/view?usp=drive_link","rejection","69e61963cd9ea118cc9f4d2b","69eb9e565e123f5a5d691c02","2026-04-24T16:46:14.150000","2026-04-24T16:46:14.150000","anonymous","anonymous","false"
"false","❌ Task Rejected","""Form Filling"" rejected. Reason: You have made several mistakes in the task. Please review your report file carefully. https://drive.google.com/file/d/1t9VdVDRfotxLCemg7jQof7SkKDnlwFZH/view?usp=drive_link","rejection","69de590fbe00225799fc98ae","69eb9d35c45dec4dcc75071c","2026-04-24T16:41:25.836000","2026-04-24T16:41:25.836000","anonymous","anonymous","false"
"false","❌ Task Rejected","""Form Filling"" rejected. Reason: You have made several mistakes in the task. Please review your report file carefully.  https://drive.google.com/file/d/1If8rmIj0Bwvz5GqjqrW0hwaR8vTNkPG0/view?usp=drive_link","rejection","69d8d9fee96ddf658a297167","69eb9ae30aa76fc2faebb82b","2026-04-24T16:31:31.723000","2026-04-24T16:31:31.723000","anonymous","anonymous","false"
"false","❌ Task Rejected","""Data Entry"" rejected. Reason: You have made several mistakes in the task. Please review your report file carefully.  https://drive.google.com/file/d/1nSwCs8RMWU3ufyH1qJIFGsl6_9XpiLTl/view?usp=drive_link","rejection","69dde793aa4f6698371f73da","69eb9a105abf56464187a936","2026-04-24T16:28:00.339000","2026-04-24T16:28:00.339000","anonymous","anonymous","false"
"false","❌ Task Rejected","""Data Entry"" rejected. Reason: You have made several mistakes in the task. Please review your report file carefully. https://drive.google.com/file/d/1Q7mDsEbE5MlYOhsARbTlJd9a_-LfkBeZ/view?usp=drive_link","rejection","69d7b031aa5f61aa6ab3ef11","69eb99c06b773f2cc470f374","2026-04-24T16:26:40.379000","2026-04-24T16:26:40.379000","anonymous","anonymous","false"
"false","❌ Task Rejected","""Data Entry"" rejected. Reason: You have made several mistakes in the task. Please review your report file carefully. https://drive.google.com/file/d/13ZQp07KFJdXWe7TPhAVQEjP4e_J3cDCG/view?usp=drive_link","rejection","69dde7c34ace88ace4b2736e","69eb996f00151a530dcc4b28","2026-04-24T16:25:19.310000","2026-04-24T16:25:19.310000","anonymous","anonymous","false"
"false","❌ Task Rejected","""Form Filling"" rejected. Reason: You have made several mistakes in the task. Please review your report file carefully.  https://drive.google.com/file/d/15zmNx35VyxSXk5QicGXvciXqOy83puX-/view?usp=sharing","rejection","69d600a1096418863f20cff9","69eb1ad2ae832a76a56969d1","2026-04-24T07:25:06.925000","2026-04-24T07:25:06.925000","anonymous","anonymous","false"
"false","❌ Task Rejected","""Form Filling"" rejected. Reason: You have made several mistakes in the task. Please review your report file carefully. https://drive.google.com/file/d/10SZ1ifIru6aWvLfcRrgFaSM2LpXklStj/view?usp=drive_link","rejection","69ce057536ae09b05b567b92","69eb1a7cfd6f3cbf115c2c3f","2026-04-24T07:23:40.117000","2026-04-24T07:23:40.117000","anonymous","anonymous","false"
"false","❌ Task Rejected","""Form Filling"" rejected. Reason: You have made several mistakes in the task. Please review your report file carefully.  https://drive.google.com/file/d/1sXI16-JcZcIHtn9eN5NuN5PlSNXFYHCb/view?usp=drive_link","rejection","69d5faff5f9399792859a46d","69eb19b8d8cebd0e4c710e7e","2026-04-24T07:20:24.131000","2026-04-24T07:20:24.131000","anonymous","anonymous","false"
"false","❌ Task Rejected","""Data Entry"" rejected. Reason: You have not provided access to the Google Drive file, which is why we are unable to open it. Please grant the necessary permissions and resubmit the file.","rejection","69dde7c34ace88ace4b2736e","69eafac565d7132a6109469c","2026-04-24T05:08:21.443000","2026-04-24T05:08:21.443000","anonymous","anonymous","false"
"false","❌ Task Rejected","""Data Entry"" rejected. Reason: we are unable to open your file","rejection","69dde7c34ace88ace4b2736e","69eafab4705f4b4ad2b86bf0","2026-04-24T05:08:04.837000","2026-04-24T05:08:04.837000","anonymous","anonymous","false"
"false","❌ Task Rejected","""Data Entry"" rejected. Reason: You have made several mistakes in the task. Please review your report file carefully. https://drive.google.com/file/d/1ud4zC2gzOq95L2NHABf0gMzI6wyuVfzC/view?usp=drive_link","rejection","69d7afe9b38776b487b42466","69eafa9634f0fb498e2d6c6f","2026-04-24T05:07:34.962000","2026-04-24T05:07:34.962000","anonymous","anonymous","false"
"false","❌ Task Rejected","""Data Entry"" rejected. Reason: You have made several mistakes in the task. Please review your report file carefully.  https://drive.google.com/file/d/1kbv6Jz2u1tZvkCrCUyzE6vju66ioEyuB/view?usp=sharing","rejection","69e2138066d215f5ec605a62","69eafa279414e8b33daa68ac","2026-04-24T05:05:43.234000","2026-04-24T05:05:43.234000","anonymous","anonymous","false"
"false","❌ Task Rejected","""Form Filling"" rejected. Reason: you have submitted data entry file in form filling task, please resubmit it in data entry","rejection","69e618e0cd9ea118cc9f4bff","69eaf45965fa8c20370ff44a","2026-04-24T04:40:57.559000","2026-04-24T04:40:57.559000","anonymous","anonymous","false"
"false","❌ Task Rejected","""Form Filling"" rejected. Reason: You have made several mistakes in the task. Please review your report file carefully.https://drive.google.com/file/d/1_0eYtiuDdGIN_fw4pEXmWvr5mUpR7RFQ/view?usp=drive_link","rejection","69d74f464da9b8fcf69f287c","69eaf401623ad6f1138e2d00","2026-04-24T04:39:29.535000","2026-04-24T04:39:29.535000","anonymous","anonymous","false"
"false","❌ Task Rejected","""Form Filling"" rejected. Reason: You have made several mistakes in the task. Please review your report file carefully. https://drive.google.com/file/d/1bbtKKF8tdjkAZwF1PkMdA9zzCO-y0kdY/view?usp=drive_link","rejection","69d8d9fee96ddf658a297167","69eaf2a410ab36ae142e4894","2026-04-24T04:33:40.330000","2026-04-24T04:33:40.330000","anonymous","anonymous","false"
"false","❌ Task Rejected","""Form Filling"" rejected. Reason: You have made several mistakes in the task. Please review your report file carefully. https://drive.google.com/file/d/1FCgWQYcIaOXvyuLdZBcNPsPxEFxMjQpy/view?usp=drive_link","rejection","69e2138066d215f5ec605a62","69eaf1ae64bf0d2bc2ddf8a1","2026-04-24T04:29:34.751000","2026-04-24T04:29:34.751000","anonymous","anonymous","false"
"false","❌ Task Rejected","""Form Filling"" rejected. Reason: You have not provided access to the Google Drive file, which is why we are unable to open it. Please grant the necessary permissions and resubmit the file.","rejection","69e2138066d215f5ec605a62","69e98c7f81cb0faee97804d4","2026-04-23T03:05:35.156000","2026-04-23T03:05:35.156000","anonymous","anonymous","false"
"false","❌ Task Rejected","""Form Filling"" rejected. Reason: You have submitted an incomplete task of 12 forms only. Please complete the entire task and then resubmit the file.","rejection","69e618e0cd9ea118cc9f4bff","69e98c34fffacd567bdcf7ef","2026-04-23T03:04:20.801000","2026-04-23T03:04:20.801000","anonymous","anonymous","false"
"false","❌ Task Rejected","""PDF to Word Typing"" rejected. Reason: You have not provided access to the Google Drive file, which is why we are unable to open it. Please grant the necessary permissions and resubmit the file.","rejection","69e7508f9d195e0534a753ec","69e98b7dd984356bc1de855d","2026-04-23T03:01:17.284000","2026-04-23T03:01:17.284000","anonymous","anonymous","false"
"false","❌ Task Rejected","""Form Filling"" rejected. Reason: You have made several mistakes in the task. Please review your report file carefully. https://drive.google.com/file/d/1KAmZZQq-IYGjbvM1bvwuoZvH7i_EZ7EX/view?usp=drive_link","rejection","69d600a1096418863f20cff9","69e90e0a48ab7cd9422701a3","2026-04-22T18:06:02.463000","2026-04-22T18:06:02.463000","anonymous","anonymous","false"
"false","❌ Task Rejected","""Data Entry"" rejected. Reason: You have made several mistakes in the task. Please review your report file carefully. https://drive.google.com/file/d/190YACI4PoAPMCvB56XJKClxKhGpRB_9x/view?usp=drive_link","rejection","69e080c316eada7181a563d4","69e908df6f3ac137e99815b9","2026-04-22T17:43:59.156000","2026-04-22T17:43:59.156000","anonymous","anonymous","false"
"false","❌ Task Rejected","""Data Entry"" rejected. Reason: You have made several mistakes in the task. Please review your report file carefully. https://drive.google.com/file/d/1MOeEg4m5PZ5ca4AoHYuJfbOoa2_3f0mT/view?usp=drive_link","rejection","69e618e0cd9ea118cc9f4bff","69e90841e669e6506879af1d","2026-04-22T17:41:21.379000","2026-04-22T17:41:21.379000","anonymous","anonymous","false"
"false","❌ Task Rejected","""Data Entry"" rejected. Reason: You have made several mistakes in the task. Please review your report file carefully. https://drive.google.com/file/d/1-T_f0Kn1rAcU_rj0nTNVywzFaI8OvQst/view?usp=drive_link","rejection","69de590fbe00225799fc98ae","69e907c0642ec16aab721eb0","2026-04-22T17:39:12.634000","2026-04-22T17:39:12.634000","anonymous","anonymous","false"
"false","❌ Task Rejected","""Data Entry"" rejected. Reason: You have made several mistakes in the task. Please review your report file carefully.  https://drive.google.com/file/d/1gjmjd2AKPY-h-NYfnx2v3W_WQyLXirWk/view?usp=drive_link","rejection","69ce07003023e363f36f9163","69e906a71cee8c0d1520fcfa","2026-04-22T17:34:31.129000","2026-04-22T17:34:31.129000","anonymous","anonymous","false"
"false","❌ Task Rejected","""Data Entry"" rejected. Reason: You have made several mistakes in the task. Please review your report file carefully.  https://drive.google.com/file/d/1pwgDEMvurq3KtZXCTZFqQS08iuQxGtGR/view?usp=drive_link","rejection","69e2138066d215f5ec605a62","69e9058f9e6c31cf1c867aee","2026-04-22T17:29:51.525000","2026-04-22T17:29:51.525000","anonymous","anonymous","false"
"false","❌ Task Rejected","""Data Entry"" rejected. Reason: You have made several mistakes in the task. Please review your report file carefully. https://drive.google.com/file/d/1pwgDEMvurq3KtZXCTZFqQS08iuQxGtGR/view?usp=drive_link","rejection","69e2138066d215f5ec605a62","69e90517a47befee5476688f","2026-04-22T17:27:51.292000","2026-04-22T17:27:51.292000","anonymous","anonymous","false"
"false","❌ Task Rejected","""Data Entry"" rejected. Reason: You have made several mistakes in the task. Please review your report file carefully. https://drive.google.com/file/d/1pwgDEMvurq3KtZXCTZFqQS08iuQxGtGR/view?usp=drive_link","rejection","69e2138066d215f5ec605a62","69e90517fd0b5821d86c195f","2026-04-22T17:27:51.042000","2026-04-22T17:27:51.042000","anonymous","anonymous","false"
"false","❌ Task Rejected","""Data Entry"" rejected. Reason: You have made several mistakes in the task. Please review your report file carefully. https://drive.google.com/file/d/1meoKH_N0hQzPSetGncgvRVD7MLUNFspK/view?usp=drive_link","rejection","69e61963cd9ea118cc9f4d2b","69e9033189fe30e2521b3b18","2026-04-22T17:19:45.191000","2026-04-22T17:19:45.191000","anonymous","anonymous","false"
"false","💰 ₹500 Added to Wallet","2 candidates hiring. New Balance: ₹500.00","bonus","69e72bd8bd9f5c1de225a4f8","69e8a66c3a375585ed2cb4ac","2026-04-22T10:43:56.269000","2026-04-22T10:43:56.269000","anonymous","anonymous","false"
"false","❌ Task Rejected","""Data Entry"" rejected. Reason: we are unable to open your file , please submit valid link","rejection","69e61963cd9ea118cc9f4d2b","69e79e150eaf1fae61e96b98","2026-04-21T15:56:05.155000","2026-04-21T15:56:05.155000","anonymous","anonymous","false"
"false","❌ Task Rejected","""Data Entry"" rejected. Reason: You have made several mistakes in the task. Please review your report file carefully.   https://drive.google.com/file/d/15G0olSNo3-IkkvZDVs3pQXLdJcEUaGML/view?usp=drive_link","rejection","69e74fee45a9b1dc8bd82e04","69e79df29bbf274142e955dd","2026-04-21T15:55:30.543000","2026-04-21T15:55:30.543000","anonymous","anonymous","false"
"false","❌ Task Rejected","""Data Entry"" rejected. Reason: You have not provided access to the Google Drive file, which is why we are unable to open it. Please grant the necessary permissions and resubmit the file.","rejection","69e2138066d215f5ec605a62","69e78d470d0de21d104593ce","2026-04-21T14:44:23.351000","2026-04-21T14:44:23.351000","anonymous","anonymous","false"
"false","❌ Task Rejected","""Data Entry"" rejected. Reason: You have made several mistakes in the task. Please review your report file carefully. https://drive.google.com/file/d/1Waqh_hmvXubfo4pzR6rGKs1LqMbn6bNC/view?usp=sharing","rejection","69e080c316eada7181a563d4","69e78d3812905a60ff820b3b","2026-04-21T14:44:08.748000","2026-04-21T14:44:08.748000","anonymous","anonymous","false"
"false","❌ Task Rejected","""Data Entry"" rejected. Reason: You have made several mistakes in the task. Please review your report file carefully. https://drive.google.com/file/d/1rMtthqD5Wxd8YJcBvyuSk9VOuU5IrsBh/view?usp=drive_link","rejection","69ce057536ae09b05b567b92","69e78ca74e92e7b5c6b3479f","2026-04-21T14:41:43.678000","2026-04-21T14:41:43.678000","anonymous","anonymous","false"
"false","❌ Task Rejected","""Data Entry"" rejected. Reason: You have made several mistakes in the task. Please review your report file carefully.  https://drive.google.com/file/d/1th8T91i9p8032h3WAOLAYqNgSqunZH4a/view?usp=sharing","rejection","69d74f464da9b8fcf69f287c","69e78b726c1683a7872d19c4","2026-04-21T14:36:34.833000","2026-04-21T14:36:34.833000","anonymous","anonymous","false"
"false","❌ Task Rejected","""Data Entry"" rejected. Reason: You have submitted the file of old captcha filling task of Workden 2.0  ","rejection","69e618e0cd9ea118cc9f4bff","69e78aaa4a4e73aa5c688883","2026-04-21T14:33:14.934000","2026-04-21T14:33:14.934000","anonymous","anonymous","false"
"false","💰 ₹2000 Added to Wallet","ohk. New Balance: ₹2000.00","bonus","69e62086e436da5d001b8416","69e7389ad96d48844233fe19","2026-04-21T08:43:06.743000","2026-04-21T08:43:06.743000","69c78a963cd6683d792802fc","tiwariutsav108@gmail.com","false"
"false","❌ Task Rejected","""Form Filling"" rejected. Reason: You have made several mistakes in the task. Please review your report file carefully. https://drive.google.com/file/d/1EowhpgDCzU2QSds_hXcng8JoCOdnqkdv/view?usp=drive_link","rejection","69d8d9fee96ddf658a297167","69e6e38b16e95ac02999bd6f","2026-04-21T02:40:11.089000","2026-04-21T02:40:11.089000","anonymous","anonymous","false"
"false","❌ Task Rejected","""Data Entry"" rejected. Reason: You have made several mistakes in the task. Please review your report file carefully.  https://drive.google.com/file/d/1r-vHX5i0LafmFImEQ2k31j6m0Eyx7_Kn/view?usp=drive_link","rejection","69df573ebeceae833d813f41","69e6e1ffd086aa5b4109413c","2026-04-21T02:33:35.685000","2026-04-21T02:33:35.685000","anonymous","anonymous","false"
"false","❌ Task Rejected","""Data Entry"" rejected. Reason: You have made several mistakes in the task. Please review your report file carefully.  https://drive.google.com/file/d/1GjqaqpRrIeyTJVW4VYlSLsiaIrcqpPzb/view?usp=drive_link","rejection","69de121de938868996f01133","69e6e1abc0448f645e1d0be0","2026-04-21T02:32:11.089000","2026-04-21T02:32:11.089000","anonymous","anonymous","false"
"false","❌ Task Rejected","""Data Entry"" rejected. Reason: You have made several mistakes in the task. Please review your report file carefully. https://drive.google.com/file/d/1nHlZHj88ucjOd8m3iyerhyjVytnMosUp/view?usp=drive_link","rejection","69e080c316eada7181a563d4","69e6e143b0ba9382ae5d3d0f","2026-04-21T02:30:27.032000","2026-04-21T02:30:27.032000","anonymous","anonymous","false"
"false","❌ Task Rejected","""Data Entry"" rejected. Reason: You have made several mistakes in the task. Please review your report file carefully.  https://drive.google.com/file/d/1iZ19IBgXIY8Pc9rxYEVQDDHyMEPnm43j/view?usp=drive_link","rejection","69d8d9fee96ddf658a297167","69e6e0bccf380c2bd17767df","2026-04-21T02:28:12.084000","2026-04-21T02:28:12.084000","anonymous","anonymous","false"
"false","❌ Task Rejected","""Data Entry"" rejected. Reason: .......","rejection","69cd023bb74d1dc50025c2ac","69e6e01496aa47f46a29b819","2026-04-21T02:25:24.650000","2026-04-21T02:25:24.650000","anonymous","anonymous","false"
"false","❌ Task Rejected","""Data Entry"" rejected. Reason: .....","rejection","69e62086e436da5d001b8416","69e6e00b64d385c90aa9946c","2026-04-21T02:25:15.314000","2026-04-21T02:25:15.314000","anonymous","anonymous","false"
"false","❌ Task Rejected","""PDF to Word Typing"" rejected. Reason: You have submitted an incomplete task. Please complete the entire task and then resubmit the file.","rejection","69e080c316eada7181a563d4","69e4328465e15c4423666c12","2026-04-19T01:40:20.998000","2026-04-19T01:40:20.998000","anonymous","anonymous","false"
"false","❌ Task Rejected","""Data Entry"" rejected. Reason: You have made several mistakes in the task. Please review your report file carefully.    https://drive.google.com/file/d/1EJLyQ_8tetlDtX_gF3d6aCm7wqhFNF8r/view?usp=drive_link","rejection","69dde793aa4f6698371f73da","69e4324029422dc9706b413c","2026-04-19T01:39:12.989000","2026-04-19T01:39:12.989000","anonymous","anonymous","false"
"false","❌ Task Rejected","""Data Entry"" rejected. Reason: You have made several mistakes in the task. Please review your report file carefully.   https://drive.google.com/file/d/1RvNu68KqwpNuE7AgCX03hDE_ONXCwUnt/view?usp=drive_link","rejection","69e080c316eada7181a563d4","69e431db02e9c32440db0147","2026-04-19T01:37:31.358000","2026-04-19T01:37:31.358000","anonymous","anonymous","false"
"false","❌ Task Rejected","""Form Filling"" rejected. Reason: You have submitted the same Excel sheet that was originally provided to you for working. Instead of completing the task, you have re-submitted the same excel file without making any changes.

You were expected to review the given Excel sheet on the portal, perform the required work, download the updated work file, and then submit it.

Please make sure to follow the instructions properly and submit the correct completed file.","rejection","69ce028027480acc8a73d872","69e4312a35cc6427dc18ed5d","2026-04-19T01:34:34.459000","2026-04-19T01:34:34.459000","anonymous","anonymous","false"
"false","❌ Task Rejected","""Form Filling"" rejected. Reason: You have submitted the same Excel sheet that was originally provided to you for working. Instead of completing the task, you have re-submitted the same excel file without making any changes.

You were expected to review the given Excel sheet on the portal, perform the required work, download the updated work file, and then submit it.

Please make sure to follow the instructions properly and submit the correct completed file.","rejection","69ce028027480acc8a73d872","69e4311d67f7a7d102ab3ef2","2026-04-19T01:34:21.357000","2026-04-19T01:34:21.357000","anonymous","anonymous","false"
"false","❌ Task Rejected","""Form Filling"" rejected. Reason: You have submitted the same Excel sheet that was originally provided to you for working. Instead of completing the task, you have re-submitted the same excel file without making any changes.

You were expected to review the given Excel sheet on the portal, perform the required work, download the updated work file, and then submit it.

Please make sure to follow the instructions properly and submit the correct completed file.","rejection","69d8d9fee96ddf658a297167","69e4310e322124d8203385aa","2026-04-19T01:34:06.610000","2026-04-19T01:34:06.610000","anonymous","anonymous","false"
"false","❌ Task Rejected","""Data Entry"" rejected. Reason: You have submitted the same Excel sheet that was originally provided to you for working. Instead of completing the task, you have re-submitted the same excel file without making any changes.

You were expected to review the given Excel sheet on the portal, perform the required work, download the updated work file, and then submit it.

Please make sure to follow the instructions properly and submit the correct completed file.","rejection","69d8d9fee96ddf658a297167","69e43101b44db1e4043df683","2026-04-19T01:33:53.388000","2026-04-19T01:33:53.388000","anonymous","anonymous","false"
"false","❌ Task Rejected","""Grammar Correction"" rejected. Reason: ....","rejection","69cdefb14809bcb1180a344e","69e4308bbd0123e2dde0cbad","2026-04-19T01:31:55.544000","2026-04-19T01:31:55.544000","anonymous","anonymous","false"
"false","❌ Task Rejected","""Grammar Correction"" rejected. Reason: ...","rejection","69cd023bb74d1dc50025c2ac","69e43082b2b81378c04cdbb6","2026-04-19T01:31:46.065000","2026-04-19T01:31:46.065000","anonymous","anonymous","false"
"false","💸 ₹200 Deducted from Wallet","the task of 03/04/2026 was rejected. New Balance: ₹1200.00","info","69ce030b000fb95d22d7effa","69e42f7a5c31f23f73cb839f","2026-04-19T01:27:22.541000","2026-04-19T01:27:22.541000","69c78a963cd6683d792802fc","tiwariutsav108@gmail.com","false"
"false","✅ Task Approved!"," Captcha Filling approved! ₹200 credited to your wallet.","approval","69ce02e8abbdc54ed3345c77","69e42dee0d72dd7116d1a2e2","2026-04-19T01:20:46.603000","2026-04-19T01:20:46.603000","69c78a963cd6683d792802fc","tiwariutsav108@gmail.com","false"
"false","✅ Task Approved!"," Captcha Filling approved! ₹200 credited to your wallet.","approval","69ce030b000fb95d22d7effa","69e42dd066c373a1b3799210","2026-04-19T01:20:16.249000","2026-04-19T01:20:16.249000","69c78a963cd6683d792802fc","tiwariutsav108@gmail.com","false"
"false","✅ Task Approved!"," Captcha Filling approved! ₹200 credited to your wallet.","approval","69ce02e8abbdc54ed3345c77","69e42dbd3cf916ab9dd9a014","2026-04-19T01:19:57.411000","2026-04-19T01:19:57.411000","69c78a963cd6683d792802fc","tiwariutsav108@gmail.com","false"
"false","✅ Task Approved!"," Captcha Filling approved! ₹200 credited to your wallet.","approval","69d600a1096418863f20cff9","69e42d998154e8d065722971","2026-04-19T01:19:21.057000","2026-04-19T01:19:21.057000","69c78a963cd6683d792802fc","tiwariutsav108@gmail.com","false"
"false","✅ Task Approved!"," Captcha Filling approved! ₹200 credited to your wallet.","approval","69ce030b000fb95d22d7effa","69e42d705b6fedc9af9afa0b","2026-04-19T01:18:40.705000","2026-04-19T01:18:40.705000","69c78a963cd6683d792802fc","tiwariutsav108@gmail.com","false"
"false","❌ Task Rejected",""" Captcha Filling"" rejected. Reason: You have made several mistakes in the task. Please review your report file carefully. https://drive.google.com/file/d/17CFOgA-cO-6c7w5BLOxxyiVzfZdn3tXy/view","rejection","69ce030b000fb95d22d7effa","69e42d5873819203b5e69547","2026-04-19T01:18:16.656000","2026-04-19T01:18:16.656000","69c78a963cd6683d792802fc","tiwariutsav108@gmail.com","false"
"false","✅ Task Approved!","Data Entry approved! ₹200 credited to your wallet.","approval","69cdefb14809bcb1180a344e","69e42c192107c707ee86fe45","2026-04-19T01:12:57.739000","2026-04-19T01:12:57.739000","69c78a963cd6683d792802fc","tiwariutsav108@gmail.com","false"
"false","❌ Task Rejected","""Data Entry"" rejected. Reason: wrong solution you have made","rejection","69cdefb14809bcb1180a344e","69e42be78388a98094785e22","2026-04-19T01:12:07.389000","2026-04-19T01:12:07.389000","69c78a963cd6683d792802fc","tiwariutsav108@gmail.com","false"
"false","hiihello","hello","info","69cdefb14809bcb1180a344e","69e3af4461eb1cbac63bdb96","2026-04-18T16:20:20.150000","2026-04-18T16:20:20.150000","69c78a963cd6683d792802fc","tiwariutsav108@gmail.com","false"
"false","💸 ₹200 Deducted from Wallet","ohk. New Balance: ₹400.00","info","69cdefb14809bcb1180a344e","69e3914391bc663d53f8e3c8","2026-04-18T14:12:19.024000","2026-04-18T14:12:19.024000","69c78a963cd6683d792802fc","tiwariutsav108@gmail.com","false"
"false","💰 ₹100 Added to Wallet","ok. New Balance: ₹600.00","bonus","69cdefb14809bcb1180a344e","69e37cae30d63f436de75fa7","2026-04-18T12:44:30.917000","2026-04-18T12:44:30.917000","69c78a963cd6683d792802fc","tiwariutsav108@gmail.com","false"
"false","❌ Task Rejected",""" Captcha Filling"" rejected. Reason: this task has been removed from some reasons , kindly do another task till the time","rejection","69ce07003023e363f36f9163","69e30b7d0d29c63a00262b38","2026-04-18T04:41:33.639000","2026-04-18T04:41:33.639000","anonymous","anonymous","false"
"false","❌ Task Rejected","""Grammar Correction"" rejected. Reason: You have made several mistakes in the task. Please review your report file carefully. https://drive.google.com/file/d/1P9RJO_a5thlimLwnwHd79oarZvH_lojH/view?usp=drive_link","rejection","69d74f464da9b8fcf69f287c","69e250b466dd94d47ee5a84c","2026-04-17T15:24:36.960000","2026-04-17T15:24:36.960000","anonymous","anonymous","false"
"false","❌ Task Rejected","""Form Filling"" rejected. Reason: you have submitted the same excel sheet that was provided to you to complete the task ","rejection","69de590fbe00225799fc98ae","69e25053b5de6db0ab46b711","2026-04-17T15:22:59.061000","2026-04-17T15:22:59.061000","anonymous","anonymous","false"
"false","❌ Task Rejected","""Form Filling"" rejected. Reason: You have made several mistakes in the task. Please review your report file carefully. https://drive.google.com/file/d/1GIbvNdtJsxjtVIJD87rfhrN5JUjeiL6_/view?usp=drive_link","rejection","69dde793aa4f6698371f73da","69e250042bcae0034cf1554b","2026-04-17T15:21:40.128000","2026-04-17T15:21:40.128000","anonymous","anonymous","false"
"false","❌ Task Rejected","""Data Entry"" rejected. Reason: You have made several mistakes in the task. Please review your report file carefully. https://drive.google.com/file/d/1L06kpCEnFTw4labLzpBV6FlL2Ux0W4ov/view?usp=drive_link","rejection","69d8d9fee96ddf658a297167","69e24ef026f18e88fa50374c","2026-04-17T15:17:04.650000","2026-04-17T15:17:04.650000","anonymous","anonymous","false"
"false","❌ Task Rejected","""Data Entry"" rejected. Reason: You have made several mistakes in the task. Please review your report file carefully. https://drive.google.com/file/d/17MHe18E98W7WCNufb47xxdOgzqjf9QCw/view?usp=drive_link","rejection","69e080c316eada7181a563d4","69e24ea3a5cb45b99c0b586b","2026-04-17T15:15:47.180000","2026-04-17T15:15:47.180000","anonymous","anonymous","false"
"false","❌ Task Rejected","""Grammar Correction"" rejected. Reason: You have made several mistakes in the task. Please review your report file carefully & It has been observed that you have used an AI tool to generate your answers, which is against the established guidelines. Such practices are not permitted and may lead to unfair advantages.

You are advised to refrain from using any unauthorized tools while completing your work. If this behavior continues, strict action may be taken, including the possibility of your account being suspended or permanently banned.

Please ensure that all future submissions are your own original work and comply with the rules and regulations.   https://drive.google.com/file/d/1CuNC-VPeBBNC0ygJdPUNAGsAmvvPY_1Q/view?usp=drive_link
","rejection","69d600a1096418863f20cff9","69e1b9c85dc9a3ca39ed53f4","2026-04-17T04:40:40.119000","2026-04-17T04:40:40.119000","anonymous","anonymous","false"
"false","❌ Task Rejected","""Grammar Correction"" rejected. Reason: You have made several mistakes in the task. Please review your report file carefully.   https://drive.google.com/file/d/11FHd2c2Uo43TuSSlwZZTh-LR3ls6e6fa/view?usp=drive_link","rejection","69d7b031aa5f61aa6ab3ef11","69e1b951604c361e62c15b11","2026-04-17T04:38:41.401000","2026-04-17T04:38:41.401000","anonymous","anonymous","false"
"false","❌ Task Rejected","""Grammar Correction"" rejected. Reason: You have made several mistakes in the task. Please review your report file carefully & It has been observed that you have used an AI tool to generate your answers, which is against the established guidelines. Such practices are not permitted and may lead to unfair advantages.

You are advised to refrain from using any unauthorized tools while completing your work. If this behavior continues, strict action may be taken, including the possibility of your account being suspended or permanently banned.

Please ensure that all future submissions are your own original work and comply with the rules and regulations.
https://drive.google.com/file/d/11FHd2c2Uo43TuSSlwZZTh-LR3ls6e6fa/view?usp=drive_link","rejection","69d7b031aa5f61aa6ab3ef11","69e1b9106c40697b04cca393","2026-04-17T04:37:36.457000","2026-04-17T04:37:36.457000","anonymous","anonymous","false"
"false","❌ Task Rejected","""Grammar Correction"" rejected. Reason: You have not provided access to the Google Drive file, which is why we are unable to open it. Please grant the necessary permissions and resubmit the file.","rejection","69d74f464da9b8fcf69f287c","69e1b8867c49d74ce02d44a5","2026-04-17T04:35:18.341000","2026-04-17T04:35:18.341000","anonymous","anonymous","false"
"false","❌ Task Rejected","""Grammar Correction"" rejected. Reason: You have not provided access to the Google Drive file, which is why we are unable to open it. Please grant the necessary permissions and resubmit the file.","rejection","69d7afe9b38776b487b42466","69e1b8711c14c2b3b4bb1ba4","2026-04-17T04:34:57.694000","2026-04-17T04:34:57.694000","anonymous","anonymous","false"
"false","❌ Task Rejected","""Grammar Correction"" rejected. Reason: You have not provided access to the Google Drive file, which is why we are unable to open it. Please grant the necessary permissions and resubmit the file.","rejection","69d8b1f6fad88b737e05053c","69e1b864356d178b6864d564","2026-04-17T04:34:44.211000","2026-04-17T04:34:44.211000","anonymous","anonymous","false"
"false","❌ Task Rejected","""Grammar Correction"" rejected. Reason: You have made several mistakes in the task. Please review your report file carefully & It has been observed that you have used an AI tool to generate your answers, which is against the established guidelines. Such practices are not permitted and may lead to unfair advantages.

You are advised to refrain from using any unauthorized tools while completing your work. If this behavior continues, strict action may be taken, including the possibility of your account being suspended or permanently banned.

Please ensure that all future submissions are your own original work and comply with the rules and regulations.
https://drive.google.com/file/d/1_jLw0fSMMltBiIf2V8JbLXHbQ_9PFf7h/view?usp=drive_link","rejection","69dde793aa4f6698371f73da","69e1b85758e797619fd6f3da","2026-04-17T04:34:31.579000","2026-04-17T04:34:31.579000","anonymous","anonymous","false"
"false","❌ Task Rejected","""Form Filling"" rejected. Reason: You have made several mistakes in the task. Please review your report file carefully.  https://drive.google.com/file/d/1cTTXWfc0YMqmpdPlr8YpXx2KcTm0_TeX/view?usp=drive_link","rejection","69d5faff5f9399792859a46d","69e18c8b6c40697b04cc606a","2026-04-17T01:27:39.325000","2026-04-17T01:27:39.325000","anonymous","anonymous","false"
"false","❌ Task Rejected","""Data Entry"" rejected. Reason: You have made several mistakes in the task. Please review your report file carefully. https://drive.google.com/file/d/1zxmxOm_j2ToLjoHAve6r2Ix88CNicacu/view?usp=drive_link","rejection","69d3846679da668f9db1387b","69e18ac76b2bf25ae5a2b331","2026-04-17T01:20:07.436000","2026-04-17T01:20:07.436000","anonymous","anonymous","false"
"false","❌ Task Rejected","""Data Entry"" rejected. Reason: You have made several mistakes in the task. Please review your report file carefully. https://drive.google.com/file/d/1gccSV1QW0_O53T8BYkny_38MeZj2Eng5/view?usp=drive_link","rejection","69ce04fb1ae8004564d4a5a7","69e189d68ccef38c80a60fd4","2026-04-17T01:16:06.500000","2026-04-17T01:16:06.500000","anonymous","anonymous","false"
"false","❌ Task Rejected","""Data Entry"" rejected. Reason: You have made several mistakes in the task. Please review your report file carefully. https://drive.google.com/file/d/17nCLECT67yprOrREmjL_T6lia6xzA9UF/view?usp=drive_link","rejection","69dc90279b1d9aa4318dec60","69e1897e96589fd4ab8b7043","2026-04-17T01:14:38.020000","2026-04-17T01:14:38.020000","anonymous","anonymous","false"
"false","❌ Task Rejected","""Data Entry"" rejected. Reason: you have submitted the pdf file whereas system generates the text file after downloading the file , it seems that you have submitted the edited file , please submit the text file in the same formate ","rejection","69d3846679da668f9db1387b","69e0438537e6d2130641b248","2026-04-16T02:03:49.558000","2026-04-16T02:03:49.558000","anonymous","anonymous","false"
"false","❌ Task Rejected","""Form Filling"" rejected. Reason: You have not provided access to the Google Drive file, which is why we are unable to open it. Please grant the necessary permissions and resubmit the file.","rejection","69dde793aa4f6698371f73da","69e0421a712a7993a6021de7","2026-04-16T01:57:46.926000","2026-04-16T01:57:46.926000","anonymous","anonymous","false"
"false","✅ Task Approved!"," Captcha Filling approved! ₹200 credited to your wallet.","approval","69ce02e8abbdc54ed3345c77","69dfa8976245ad659d30f9d8","2026-04-15T15:02:47.086000","2026-04-15T15:02:47.086000","anonymous","anonymous","false"
"false","❌ Task Rejected",""" Captcha Filling"" rejected. Reason: You have made several mistakes in the task. Please review your report file carefully. https://drive.google.com/file/d/1FKRU71bOH5IWpIeHVwoQSg8EHzoPe1Ap/view?usp=drive_link","rejection","69dc90279b1d9aa4318dec60","69dfa868dd5a4f06f728c868","2026-04-15T15:02:00.574000","2026-04-15T15:02:00.574000","anonymous","anonymous","false"
"false","❌ Task Rejected","""Form Filling"" rejected. Reason: you have submited the same same excel sheet , that was provided you to complete the task","rejection","69d8b1f6fad88b737e05053c","69dfa8019b80cdab4e083c75","2026-04-15T15:00:17.068000","2026-04-15T15:00:17.068000","anonymous","anonymous","false"
"false","✅ Task Approved!"," Captcha Filling approved! ₹200 credited to your wallet.","approval","69d7b031aa5f61aa6ab3ef11","69dfa7c19367b708d2aa634d","2026-04-15T14:59:13.940000","2026-04-15T14:59:13.940000","anonymous","anonymous","false"
"false","✅ Task Approved!"," Captcha Filling approved! ₹200 credited to your wallet.","approval","69d7afe9b38776b487b42466","69dfa79bd758865113024ef9","2026-04-15T14:58:35.023000","2026-04-15T14:58:35.023000","anonymous","anonymous","false"
"false","✅ Task Approved!"," Captcha Filling approved! ₹200 credited to your wallet.","approval","69d8d9fee96ddf658a297167","69dfa77a788c8f1375ecaa86","2026-04-15T14:58:02.784000","2026-04-15T14:58:02.784000","anonymous","anonymous","false"
"false","✅ Task Approved!"," Captcha Filling approved! ₹200 credited to your wallet.","approval","69d3846679da668f9db1387b","69dfa7590f2eeecf61a15430","2026-04-15T14:57:29.677000","2026-04-15T14:57:29.677000","anonymous","anonymous","false"
"false","❌ Task Rejected","""Data Entry"" rejected. Reason: You have not provided access to the Google Drive file, which is why we are unable to open it. Please grant the necessary permissions and resubmit the file.","rejection","69d8b1f6fad88b737e05053c","69dfa6891e2d7751d621e656","2026-04-15T14:54:01.941000","2026-04-15T14:54:01.941000","anonymous","anonymous","false"
"false","❌ Task Rejected","""Grammar Correction"" rejected. Reason: You have not provided access to the Google Drive file, which is why we are unable to open it. Please grant the necessary permissions and resubmit the file.","rejection","69dde793aa4f6698371f73da","69dfa67595b55346b12ed33e","2026-04-15T14:53:41.428000","2026-04-15T14:53:41.428000","anonymous","anonymous","false"
"false","❌ Task Rejected","""Form Filling"" rejected. Reason: You have made several mistakes in the task. Please review your report file carefully.  https://drive.google.com/file/d/1AiFjOw37tY-3vP36vTGizhYRWhomugAe/view?usp=drive_link","rejection","69d3846679da668f9db1387b","69dfa63080f394573bc5b741","2026-04-15T14:52:32.884000","2026-04-15T14:52:32.884000","anonymous","anonymous","false"
"false","❌ Task Rejected","""Form Filling"" rejected. Reason: You have made several mistakes in the task. Please review your report file carefully.  https://drive.google.com/file/d/1wa6zMHU1wMNk-29KQEMwb-BMk603q1E7/view?usp=drive_link","rejection","69d5faff5f9399792859a46d","69dfa49a186457cd6ad9ff0e","2026-04-15T14:45:46.654000","2026-04-15T14:45:46.654000","anonymous","anonymous","false"
"false","❌ Task Rejected","""Data Entry"" rejected. Reason: You have made several mistakes in the task. Please review your report file carefully. https://drive.google.com/file/d/13AXhmR4SKYUQTwfrd9EkrjXM_DJVN4Do/view?usp=drive_link","rejection","69d8d9fee96ddf658a297167","69dfa438f41b33ffd3e4a49b","2026-04-15T14:44:08.197000","2026-04-15T14:44:08.197000","anonymous","anonymous","false"
"false","❌ Task Rejected","""Data Entry"" rejected. Reason: It appears that you have used a third-party extension or tool to copy and paste content into the task instead of typing it manually, which is against our guidelines. This is considered suspicious activity and may lead to strict action. Your account could be suspended or permanently banned if such behavior continues.","rejection","69db4d20e0c48c21f2a0eb41","69dfa3da5ba8dc9e68381a0f","2026-04-15T14:42:34.968000","2026-04-15T14:42:34.968000","anonymous","anonymous","false"
"false","❌ Task Rejected","""Data Entry"" rejected. Reason: You have made several mistakes in the task. Please review your report file carefully.  https://drive.google.com/file/d/1Ye0zNZsLZBJJNkf1T54bRO_TD3hWWvtH/view?usp=drive_link","rejection","69d74f464da9b8fcf69f287c","69dfa38e0264b545d4402afb","2026-04-15T14:41:18.664000","2026-04-15T14:41:18.664000","anonymous","anonymous","false"
"false","❌ Task Rejected",""" Captcha Filling"" rejected. Reason: You have made several mistakes in the task. Please review your report file carefully. https://drive.google.com/file/d/1YqBjgJR1WIQQeQvBj9rVqjtFE3osdAKy/view?usp=drive_link","rejection","69ce047408544a65d7f37308","69dd0b5fa790dd547216aa4d","2026-04-13T15:27:27.119000","2026-04-13T15:27:27.119000","anonymous","anonymous","false"
"false","✅ Task Approved!"," Captcha Filling approved! ₹200 credited to your wallet.","approval","69d5faff5f9399792859a46d","69dd07963a5804641a8cdd54","2026-04-13T15:11:18.992000","2026-04-13T15:11:18.992000","anonymous","anonymous","false"
"false","✅ Task Approved!"," Captcha Filling approved! ₹200 credited to your wallet.","approval","69ce030b000fb95d22d7effa","69dd075689bc203c9f3c9ed7","2026-04-13T15:10:14.433000","2026-04-13T15:10:14.433000","anonymous","anonymous","false"
"false","❌ Task Rejected",""" Captcha Filling"" rejected. Reason: You have submitted the old file again. Please do not resubmit the previous file it has already been approved","rejection","69d74f464da9b8fcf69f287c","69dd0701278fd6906a361f85","2026-04-13T15:08:49.152000","2026-04-13T15:08:49.152000","anonymous","anonymous","false"
"false","✅ Task Approved!"," Captcha Filling approved! ₹200 credited to your wallet.","approval","69d74f464da9b8fcf69f287c","69dd06d7de3c7e59be4f3ee6","2026-04-13T15:08:07.387000","2026-04-13T15:08:07.387000","anonymous","anonymous","false"
"false","✅ Task Approved!"," Captcha Filling approved! ₹200 credited to your wallet.","approval","69d600a1096418863f20cff9","69dd06a2f9b84f4355c3bef6","2026-04-13T15:07:14.495000","2026-04-13T15:07:14.495000","anonymous","anonymous","false"
"false","❌ Task Rejected","""Data Entry"" rejected. Reason: You have submitted an incomplete task. Please complete the entire task and then resubmit the file.","rejection","69ce04fb1ae8004564d4a5a7","69dd066e8ec407a6a8fa860a","2026-04-13T15:06:22.225000","2026-04-13T15:06:22.225000","anonymous","anonymous","false"
"false","❌ Task Rejected","""Data Entry"" rejected. Reason: You have not provided access to the Google Drive file, which is why we are unable to open it. Please grant the necessary permissions and resubmit the file.","rejection","69d8b1f6fad88b737e05053c","69dd064205c87f36f75efd1d","2026-04-13T15:05:38.277000","2026-04-13T15:05:38.277000","anonymous","anonymous","false"
"false","❌ Task Rejected","""Data Entry"" rejected. Reason: You have made several mistakes in the task. Please review your report file carefully.  https://drive.google.com/file/d/1SnPoWzsKT8Li43IF3z8Yb_MFSOB0jKxu/view?usp=drive_link","rejection","69d5faff5f9399792859a46d","69dd0626edc196ffe29f5189","2026-04-13T15:05:10.008000","2026-04-13T15:05:10.008000","anonymous","anonymous","false"
"false","📢 Important Notification","Dear User,

If your **3 consecutive submissions for the same task have been rejected**, we kindly advise you to **switch to another task**.

Please note that if your submissions for the same task continue to get rejected repeatedly, your ID may be considered as a **low performer**, which can affect your overall performance evaluation on the platform.

We encourage you to explore other tasks and improve your submission quality.

Thank you for your understanding and cooperation.
— Team Support
","info","","69db0dc67af391e2bfa81b1d","2026-04-12T03:13:10.610000","2026-04-12T03:13:10.610000","anonymous","anonymous","false"
"false","❌ Task Rejected",""" Captcha Filling"" rejected. Reason: You have made several mistakes in the task. Please review your report file carefully.   https://drive.google.com/file/d/1ih6uN7Digqxizc6Ntrq5TsTXFcjhP61O/view?usp=drive_link","rejection","69ce07003023e363f36f9163","69db0cabc870db923e5512fc","2026-04-12T03:08:27.229000","2026-04-12T03:08:27.229000","anonymous","anonymous","false"
"false","❌ Task Rejected",""" Captcha Filling"" rejected. Reason: You have made several mistakes in the task. Please review your report file carefully.  https://drive.google.com/file/d/1bK2FNkBooGdFn4DPCuyj1Dcff1VOqcm_/view?usp=drive_link","rejection","69ce05ca2fb2a825f1d46662","69db0c4c0a0864052564160b","2026-04-12T03:06:52.677000","2026-04-12T03:06:52.677000","anonymous","anonymous","false"
"false","❌ Task Rejected",""" Captcha Filling"" rejected. Reason: You have made several mistakes in the task. Please review your report file carefully. https://drive.google.com/file/d/1iZE8E6dM13hW_66nlggjDmvN1TcK8YBM/view?usp=drive_link","rejection","69ce04fb1ae8004564d4a5a7","69db0bfb971c62ad5f5dd0df","2026-04-12T03:05:31.602000","2026-04-12T03:05:31.602000","anonymous","anonymous","false"
"false","❌ Task Rejected",""" Captcha Filling"" rejected. Reason: You have made several mistakes in the task. Please review your report file carefully.  https://drive.google.com/file/d/1VzPJ7P40TBqx431rCc-_9CylA4l7-PHg/view?usp=drive_link","rejection","69d5faff5f9399792859a46d","69db0bad7f51be148a77ef7f","2026-04-12T03:04:13.235000","2026-04-12T03:04:13.235000","anonymous","anonymous","false"
"false","✅ Task Approved!"," Captcha Filling approved! ₹200 credited to your wallet.","approval","69d600a1096418863f20cff9","69db0b5b45a03fe794f1dac7","2026-04-12T03:02:51.221000","2026-04-12T03:02:51.221000","anonymous","anonymous","false"
"false","✅ Task Approved!"," Captcha Filling approved! ₹200 credited to your wallet.","approval","69ce030b000fb95d22d7effa","69db0b3ad5651f1e1b451c43","2026-04-12T03:02:18.014000","2026-04-12T03:02:18.014000","anonymous","anonymous","false"
"false","❌ Task Rejected",""" Captcha Filling"" rejected. Reason: You have made several mistakes in the task. Please review your report file carefully.   https://drive.google.com/file/d/1O7OmNurgS8yZHztm4yCsupSCLgwBgIHG/view?usp=drive_link","rejection","69d8d9fee96ddf658a297167","69db0b15d5f1bc97b65a526b","2026-04-12T03:01:41.694000","2026-04-12T03:01:41.694000","anonymous","anonymous","false"
"false","✅ Task Approved!"," Captcha Filling approved! ₹200 credited to your wallet.","approval","69d7afe9b38776b487b42466","69db0aaa113baf3327a0232c","2026-04-12T02:59:54.849000","2026-04-12T02:59:54.849000","anonymous","anonymous","false"
"false","✅ Task Approved!"," Captcha Filling approved! ₹200 credited to your wallet.","approval","69d7b031aa5f61aa6ab3ef11","69db0a871fdb1b11974d01d8","2026-04-12T02:59:19.859000","2026-04-12T02:59:19.859000","anonymous","anonymous","false"
"false","✅ Task Approved!"," Captcha Filling approved! ₹200 credited to your wallet.","approval","69ce04fb1ae8004564d4a5a7","69db0a4f7400d9d03490c723","2026-04-12T02:58:23.773000","2026-04-12T02:58:23.773000","anonymous","anonymous","false"
"false","❌ Task Rejected",""" Captcha Filling"" rejected. Reason: You have made several mistakes in the task. Please review your report file carefully.  https://drive.google.com/file/d/1_sSqtGd4bigMaTYn74ByHKGZMEYzZYQF/view?usp=drive_link","rejection","69d3846679da668f9db1387b","69db09d89661fbbbbedcd6bb","2026-04-12T02:56:24.944000","2026-04-12T02:56:24.944000","anonymous","anonymous","false"
"false","❌ Task Rejected","""Data Entry"" rejected. Reason: You have not provided access to the Google Drive file, which is why we are unable to open it. Please grant the necessary permissions and resubmit the file.","rejection","69d74f464da9b8fcf69f287c","69da739c45a03fe794f10428","2026-04-11T16:15:24.457000","2026-04-11T16:15:24.457000","anonymous","anonymous","false"
"false","❌ Task Rejected","""Data Entry"" rejected. Reason: You have submitted an incomplete task. Please complete the entire task and then submit the file.","rejection","69d3846679da668f9db1387b","69da7387a8dd701e057a04fc","2026-04-11T16:15:03.794000","2026-04-11T16:15:03.794000","anonymous","anonymous","false"
"false","Task Submission","Instead of doing only captcha filling tasks, you can also try shifting to other tasks like data entry and form filling.
","info","","69d929ed04b599ff30164e9c","2026-04-10T16:48:45.871000","2026-04-10T16:48:45.871000","anonymous","anonymous","false"
"false","❌ Task Rejected",""" Captcha Filling"" rejected. Reason: You have made several mistakes in the task. Please review your report file carefully.   https://drive.google.com/file/d/19ZR08bQDHvvDAGc1xvl27MHY7sXnpoW5/view?usp=drive_link","rejection","69ce05ca2fb2a825f1d46662","69d92946cc611c40abd675a0","2026-04-10T16:45:58.112000","2026-04-10T16:45:58.112000","anonymous","anonymous","false"
"false","❌ Task Rejected",""" Captcha Filling"" rejected. Reason: You have made several mistakes in the task. Please review your report file carefully.    https://drive.google.com/file/d/1CjrIfbin6P0j9Wq4u8ncw_5-ILQeIToS/view?usp=drive_link","rejection","69ce05ca2fb2a825f1d46662","69d928a4e318af3b5afda550","2026-04-10T16:43:16.224000","2026-04-10T16:43:16.224000","anonymous","anonymous","false"
"false","❌ Task Rejected",""" Captcha Filling"" rejected. Reason: You have made several mistakes in the task. Please review your report file carefully.    https://drive.google.com/file/d/1dYObDoMA1F3_gGVnMYBds1FxdF3lqrqy/view?usp=drive_link","rejection","69d600a1096418863f20cff9","69d927f7974f94567199e658","2026-04-10T16:40:23.951000","2026-04-10T16:40:23.951000","anonymous","anonymous","false"
"false","❌ Task Rejected",""" Captcha Filling"" rejected. Reason: You have made several mistakes in the task. Please review your report file carefully.  https://drive.google.com/file/d/1MY5ISg03ZBOhMC6qbuzeE7O-66_Pia6Q/view?usp=drive_link","rejection","69d7b031aa5f61aa6ab3ef11","69d9279f2fbcc953d626cebd","2026-04-10T16:38:55.745000","2026-04-10T16:38:55.745000","anonymous","anonymous","false"
"false","❌ Task Rejected",""" Captcha Filling"" rejected. Reason: You have made several mistakes in the task. Please review your report file carefully.   https://drive.google.com/file/d/1bzivEK79MwYP-2lN3OtGj4eld6yWwV4g/view?usp=drive_link","rejection","69ce02e8abbdc54ed3345c77","69d926b9df7bc3881a53f163","2026-04-10T16:35:05.979000","2026-04-10T16:35:05.979000","anonymous","anonymous","false"
"false","❌ Task Rejected",""" Captcha Filling"" rejected. Reason: You have made several mistakes in the task. Please review your report file carefully.  https://drive.google.com/file/d/15G5iUuv4nTTYEyn1xCBkUmSynWUqZRlb/view?usp=drive_link","rejection","69d7afe9b38776b487b42466","69d92660e0c2cb574a961be4","2026-04-10T16:33:36.555000","2026-04-10T16:33:36.555000","anonymous","anonymous","false"
"false","✅ Task Approved!"," Captcha Filling approved! ₹200 credited to your wallet.","approval","69ce030b000fb95d22d7effa","69d924bbbf416fe2366c0600","2026-04-10T16:26:35.020000","2026-04-10T16:26:35.020000","anonymous","anonymous","false"
"false","❌ Task Rejected",""" Captcha Filling"" rejected. Reason: Sorry, unable to open the file at present.","rejection","69d74f464da9b8fcf69f287c","69d92429293e623f87dbf21f","2026-04-10T16:24:09.299000","2026-04-10T16:24:09.299000","anonymous","anonymous","false"
"false","❌ Task Rejected",""" Captcha Filling"" rejected. Reason: You have made several mistakes in the task. Please review your report file carefully.     https://drive.google.com/file/d/1NDfi3rx6R-5N_W1WbSjtkdzbu2kQpySh/view?usp=drive_link","rejection","69d5faff5f9399792859a46d","69d924099a75a8da7ce3f7b7","2026-04-10T16:23:37.394000","2026-04-10T16:23:37.394000","anonymous","anonymous","false"
"false","❌ Task Rejected",""" Captcha Filling"" rejected. Reason: You have made several mistakes in the task. Please review your report file carefully.                 https://drive.google.com/file/d/1NDfi3rx6R-5N_W1WbSjtkdzbu2kQpySh/view?usp=drive_link","rejection","69d5faff5f9399792859a46d","69d923e857c1c8bb866f6863","2026-04-10T16:23:04.466000","2026-04-10T16:23:04.466000","anonymous","anonymous","false"
"false","❌ Task Rejected",""" Captcha Filling"" rejected. Reason: You have made several mistakes in the task. Please review your report file carefully.               https://drive.google.com/file/d/1A8z7xi95EafegL9B8ACgJhd7CwKxSSbt/view?usp=drive_link","rejection","69d3846679da668f9db1387b","69d9228e5d25446659c91a30","2026-04-10T16:17:18.632000","2026-04-10T16:17:18.632000","anonymous","anonymous","false"
"false","❌ Task Rejected",""" Captcha Filling"" rejected. Reason: You have made several mistakes in the task. Please review your report file carefully.        https://drive.google.com/file/d/17j9qqL8UG-DpnHHYCXI49X7L7bIEUhGy/view?usp=drive_link","rejection","69ce05ca2fb2a825f1d46662","69d921ee8fed7ef85c2b26b9","2026-04-10T16:14:38.150000","2026-04-10T16:14:38.150000","anonymous","anonymous","false"
"false","❌ Task Rejected",""" Captcha Filling"" rejected. Reason: You have made several mistakes in the task. Please review your report file carefully.                                                                                 https://drive.google.com/file/d/1FytDh058LTd-_fFKJFMwHxwOsXnOA67l/view?usp=drive_link         ","rejection","69d74f464da9b8fcf69f287c","69d920080f95982ccbf5c3a4","2026-04-10T16:06:32.456000","2026-04-10T16:06:32.456000","anonymous","anonymous","false"
"false","✅ Task Approved!"," Captcha Filling approved! ₹200 credited to your wallet.","approval","69ce07003023e363f36f9163","69d7cbf29c330452bda4498f","2026-04-09T15:55:30.400000","2026-04-09T15:55:30.400000","anonymous","anonymous","false"
"false","❌ Task Rejected",""" Captcha Filling"" rejected. Reason: You have not provided access to the Google Drive file, which is why we are unable to open it. Please grant the necessary permissions and resubmit the file.","rejection","69ce05ca2fb2a825f1d46662","69d7cbddf39078f56218054f","2026-04-09T15:55:09.977000","2026-04-09T15:55:09.977000","anonymous","anonymous","false"
"false","❌ Task Rejected",""" Captcha Filling"" rejected. Reason: You have not provided access to the Google Drive file, which is why we are unable to open it. Please grant the necessary permissions and resubmit the file.","rejection","69d74f464da9b8fcf69f287c","69d7cbd7cf231165c7eaa511","2026-04-09T15:55:03.905000","2026-04-09T15:55:03.905000","anonymous","anonymous","false"
"false","❌ Task Rejected",""" Captcha Filling"" rejected. Reason: You have made several mistakes in the task. Please review your report file carefully.

https://drive.google.com/file/d/1FJ9IS2VBeeZQdTFoD5KaZ53tmI62uir4/view?usp=drive_link","rejection","69d600a1096418863f20cff9","69d7cbc72cc504de500f5814","2026-04-09T15:54:47.485000","2026-04-09T15:54:47.485000","anonymous","anonymous","false"
"false","❌ Task Rejected",""" Captcha Filling"" rejected. Reason: You have made several mistakes in the task. Please review your report file carefully.

https://drive.google.com/file/d/1w_WuOEYoiBFfU5vPtHFPrWRz3o2AnFb0/view?usp=drive_link","rejection","69ce02e8abbdc54ed3345c77","69d7cb8f6afb2cc8596a31e7","2026-04-09T15:53:51.050000","2026-04-09T15:53:51.050000","anonymous","anonymous","false"
"false","❌ Task Rejected",""" Captcha Filling"" rejected. Reason: You have made several mistakes in the task. Please review your report file carefully.
https://drive.google.com/file/d/1toEC-0pKpWIvFpY4CO-3h3KeBNkNvRxF/view?usp=drive_link","rejection","69ce030b000fb95d22d7effa","69d7bfe75b50c012aa149892","2026-04-09T15:04:07.232000","2026-04-09T15:04:07.232000","anonymous","anonymous","false"
"false","❌ Task Rejected",""" Captcha Filling"" rejected. Reason: You have made several mistakes in the task. Please review your report file carefully. 
https://drive.google.com/file/d/19R_Zk3T8X-A8WBD78M22CBBKoLukbLQo/view?usp=drive_link","rejection","69d5faff5f9399792859a46d","69d7beef01054476da5d1d6f","2026-04-09T14:59:59.748000","2026-04-09T14:59:59.748000","anonymous","anonymous","false"
"false","❌ Task Rejected",""" Captcha Filling"" rejected. Reason: you have submitted something else in place of work file","rejection","69ce04fb1ae8004564d4a5a7","69d67bb63d08c3a831e6431f","2026-04-08T16:00:54.511000","2026-04-08T16:00:54.511000","anonymous","anonymous","false"
"false","❌ Task Rejected",""" Captcha Filling"" rejected. Reason: you have submitted another file in place of work file","rejection","69ce04fb1ae8004564d4a5a7","69d67b7feb20fc6d7d1e47e2","2026-04-08T15:59:59.013000","2026-04-08T15:59:59.013000","anonymous","anonymous","false"
"false","❌ Task Rejected","""Data Entry"" rejected. Reason: You have made several mistakes in the task. Please review your report file carefully. https://drive.google.com/file/d/1Fp_89jEkQjX5KPBDhgtzKN1S1OFinU8-/view?usp=drive_link","rejection","69ce0337f1307627f6004808","69d67b4d83062461207d2106","2026-04-08T15:59:09.528000","2026-04-08T15:59:09.528000","anonymous","anonymous","false"
"false","❌ Task Rejected",""" Captcha Filling"" rejected. Reason: You have made several mistakes in the task. Please review your report file carefully. https://drive.google.com/file/d/1WsU1lR4HJ0xNMgA2ItdQmnznic5X8_9J/view?usp=drive_link","rejection","69d3536db57b9cb53e1aff8a","69d67ad19e5390661ad8bcb9","2026-04-08T15:57:05.493000","2026-04-08T15:57:05.493000","anonymous","anonymous","false"
"false","❌ Task Rejected",""" Captcha Filling"" rejected. Reason: You have not provided access to the Google Drive file, which is why we are unable to open it. Please grant the necessary permissions and resubmit the file.","rejection","69ce049e1ab29198c923a885","69d67a5567932a4e1edf8b7e","2026-04-08T15:55:01.544000","2026-04-08T15:55:01.544000","anonymous","anonymous","false"
"false","❌ Task Rejected",""" Captcha Filling"" rejected. Reason: You have made several mistakes in the task. Please review your report file carefully. https://drive.google.com/file/d/1qEhY5i1J1Oj4Vm9prFy9AwisLg1ogioM/view?usp=drive_link","rejection","69ce030b000fb95d22d7effa","69d67a2cbd2588196d429439","2026-04-08T15:54:20.064000","2026-04-08T15:54:20.064000","anonymous","anonymous","false"
"false","❌ Task Rejected","""Grammar Correction"" rejected. Reason: You have not provided access to the Google Drive file, which is why we are unable to open it. Please grant the necessary permissions and resubmit the file.","rejection","69ce049e1ab29198c923a885","69d679e386b4c7db98488410","2026-04-08T15:53:07.979000","2026-04-08T15:53:07.979000","anonymous","anonymous","false"
"false","❌ Task Rejected",""" Captcha Filling"" rejected. Reason: You have made several mistakes in the task. Please review your report file carefully. https://drive.google.com/file/d/1MQv8Ocb9gHKaZ3b_lhq9OdQxVOsx7dwc/view?usp=drive_link","rejection","69ce030b000fb95d22d7effa","69d679972c39edede92589e1","2026-04-08T15:51:51.649000","2026-04-08T15:51:51.649000","anonymous","anonymous","false"
"false","✅ Task Approved!"," Captcha Filling approved! ₹200 credited to your wallet.","approval","69ce07003023e363f36f9163","69d6790216490a140b318af3","2026-04-08T15:49:22.988000","2026-04-08T15:49:22.988000","anonymous","anonymous","false"
"false","❌ Task Rejected",""" Captcha Filling"" rejected. Reason: You have made several mistakes in the task. Please review your report file carefully. https://drive.google.com/file/d/1DM5cv7ZOuSzEK1XlUjGMAtax1TN3x7qb/view?usp=drive_link","rejection","69d600a1096418863f20cff9","69d678a2aa25d98e20285247","2026-04-08T15:47:46.329000","2026-04-08T15:47:46.329000","anonymous","anonymous","false"
"false","❌ Task Rejected",""" Captcha Filling"" rejected. Reason: You have made several mistakes in the task. Please review your report file carefully. https://drive.google.com/file/d/1M_kJnj3ARAQphXkd6Rw4Js_ytgLC2qcL/view?usp=drive_link","rejection","69ce02e8abbdc54ed3345c77","69d6778e680a1d01d6931dbc","2026-04-08T15:43:10.700000","2026-04-08T15:43:10.700000","anonymous","anonymous","false"
"false","❌ Task Rejected","""Grammar Correction"" rejected. Reason: It appears that you have used a third-party extension or tool to copy and paste content into the task instead of typing it manually, which is against our guidelines. This is considered suspicious activity and may lead to strict action. Your account could be suspended or permanently banned if such behavior continues.     check your report file . https://drive.google.com/file/d/1rRoEej9aHEzz1L_A2XtVADbtFUhgAq3-/view?usp=drive_link","rejection","69ce057536ae09b05b567b92","69d52441db1a9627dfe04c90","2026-04-07T15:35:29.511000","2026-04-07T15:35:29.511000","anonymous","anonymous","false"
"false","❌ Task Rejected","""PDF to Word Typing"" rejected. Reason: original content is missing in your file , please redo the task ","rejection","69ce5882a7637cadb433cbd2","69d523c280246e8e7318e3c3","2026-04-07T15:33:22.605000","2026-04-07T15:33:22.605000","anonymous","anonymous","false"
"false","❌ Task Rejected",""" Captcha Filling"" rejected. Reason: You have made several mistakes in the task. Please review your report file carefully.    https://drive.google.com/file/d/1WmNxcfVXB6zeW-Dem-STq-lo3PkJEOII/view?usp=drive_link","rejection","69ce07003023e363f36f9163","69d5238215d480a8b2d6936a","2026-04-07T15:32:18.306000","2026-04-07T15:32:18.306000","anonymous","anonymous","false"
"false","❌ Task Rejected","""Grammar Correction"" rejected. Reason: You have corrected only 1–2 lines in each entry, whereas every line in each entry was supposed to be corrected. Please review your report file carefully.                                                                          https://drive.google.com/file/d/1U-lZw1h1i8US9bJ3LlVRBXBtesHfGaoB/view?usp=drive_link","rejection","69d0e6a5ff46dc9595919116","69d5229a0b7d18124131fccc","2026-04-07T15:28:26.183000","2026-04-07T15:28:26.183000","anonymous","anonymous","false"
"false","❌ Task Rejected","""Data Entry"" rejected. Reason: You have submitted an incomplete task. Please complete the entire task and then resubmit the file.","rejection","69cf7f929f65312dd0c52735","69d5207573a17a4176d9379e","2026-04-07T15:19:17.051000","2026-04-07T15:19:17.051000","anonymous","anonymous","false"
"false","❌ Task Rejected","""Data Entry"" rejected. Reason: You have submitted an incomplete task. Please complete the entire task and then resubmit the file.","rejection","69cf7f929f65312dd0c52735","69d520678c1591df37aa6c04","2026-04-07T15:19:03.409000","2026-04-07T15:19:03.409000","anonymous","anonymous","false"
"false","❌ Task Rejected","""Data Entry"" rejected. Reason: you have submitted the pdf to word task in data entry , it's wrong submission","rejection","69ce5882a7637cadb433cbd2","69d4836cebb9f8973fd34e85","2026-04-07T04:09:16.120000","2026-04-07T04:09:16.120000","anonymous","anonymous","false"
"false","❌ Task Rejected","""Data Entry"" rejected. Reason: you have uploaded the same file that was already uploaded on 04/04/2026 . please check your report file here . https://drive.google.com/file/d/1PQLdvqv3d9hHZrV4RTf6RyfqgBTuZ5Az/view?usp=drive_link","rejection","69ce0337f1307627f6004808","69d48322df501dc372806f84","2026-04-07T04:08:02.810000","2026-04-07T04:08:02.810000","anonymous","anonymous","false"
"false","❌ Task Rejected","""Data Entry"" rejected. Reason: you have done many mistakes , please check your report file . https://drive.google.com/file/d/1PQLdvqv3d9hHZrV4RTf6RyfqgBTuZ5Az/view?usp=drive_link","rejection","69ce0337f1307627f6004808","69d482b1af6d5bd3b18b8ba8","2026-04-07T04:06:09.783000","2026-04-07T04:06:09.783000","anonymous","anonymous","false"
"false","❌ Task Rejected",""" Captcha Filling"" rejected. Reason: you didn't give google drive access","rejection","69ce04fb1ae8004564d4a5a7","69d471711a21179362263e91","2026-04-07T02:52:33.961000","2026-04-07T02:52:33.961000","anonymous","anonymous","false"
"false","❌ Task Rejected",""" Captcha Filling"" rejected. Reason: you have done many mistakes , please check your report file . https://drive.google.com/file/d/1_Q2BLLt5J0l5s6E_EPbk0kiF9vj5RXoc/view?usp=drive_link","rejection","69ce030b000fb95d22d7effa","69d4714f7ee02d3b8ce7ca0c","2026-04-07T02:51:59.850000","2026-04-07T02:51:59.850000","anonymous","anonymous","false"
"false","❌ Task Rejected",""" Captcha Filling"" rejected. Reason: you have done many mistakes , check your report file . https://drive.google.com/file/d/1h0NbkO3RiP7ljteURzA285nV2BuCKDt2/view?usp=drive_link","rejection","69ce07003023e363f36f9163","69d4701f2d4b6d32402a78c8","2026-04-07T02:46:55.538000","2026-04-07T02:46:55.538000","anonymous","anonymous","false"
"false","❌ Task Rejected","""Grammar Correction"" rejected. Reason: you have done many mistakes in grammar , you can check your report file. https://drive.google.com/file/d/1rcasjIPvrpTk-2aXExg6CMAV6uKF6XEB/view?usp=drive_link","rejection","69ce057536ae09b05b567b92","69d46edb0b8151f848148cd5","2026-04-07T02:41:31.322000","2026-04-07T02:41:31.322000","anonymous","anonymous","false"
"false","❌ Task Rejected","""Grammar Correction"" rejected. Reason: you have done many mistakes , please check your report file . https://drive.google.com/file/d/1mozeYdZQlTuU4f3YvgG-tqNRyTezypoe/view?usp=drive_link","rejection","69ce057536ae09b05b567b92","69d46ce73bc50d2b8dd2d80a","2026-04-07T02:33:11.583000","2026-04-07T02:33:11.583000","anonymous","anonymous","false"
"false","❌ Task Rejected","""Data Entry"" rejected. Reason: you have done many mistakkes check your report file . https://drive.google.com/drive/u/4/folders/1xjlY5OxBkSo9KNG1X_EFz6zpQTVkawXD","rejection","69cd023bb74d1dc50025c2ac","69d23a9de8e0cf9a32a921a6","2026-04-05T10:34:05.289000","2026-04-05T10:34:05.289000","69c78a963cd6683d792802fc","tiwariutsav108@gmail.com","false"
"false","❌ Task Rejected","""Data Entry"" rejected. Reason: you have done many mistakes check your report file . https://drive.google.com/drive/u/4/folders/1xjlY5OxBkSo9KNG1X_EFz6zpQTVkawXD","rejection","69cd023bb74d1dc50025c2ac","69d239d958c158802d383e10","2026-04-05T10:30:49.507000","2026-04-05T10:30:49.507000","69c78a963cd6683d792802fc","tiwariutsav108@gmail.com","false"
"false","✅ Task Approved!"," Captcha Filling approved! ₹200 credited to your wallet.","approval","69ce030b000fb95d22d7effa","69d12fc1687b324ed8f0cdb1","2026-04-04T15:35:29.824000","2026-04-04T15:35:29.824000","anonymous","anonymous","false"
"false","❌ Task Rejected","""Form Filling"" rejected. Reason: You have completed only 10 Forms out of 60. Kindly complete all the  forms showing in the task.","rejection","69ce5882a7637cadb433cbd2","69d12283cafb3fdc3f22140b","2026-04-04T14:38:59.052000","2026-04-04T14:38:59.052000","anonymous","anonymous","false"
"false","❌ Task Rejected","""Data Entry"" rejected. Reason: You have completed only 2 entries out of 65. Kindly complete all the  entries.","rejection","69ce5882a7637cadb433cbd2","69d1224ae1c6f622749ce289","2026-04-04T14:38:02.449000","2026-04-04T14:38:02.449000","anonymous","anonymous","false"
"false","❌ Task Rejected","""Data Entry"" rejected. Reason: not completed ","rejection","69cd023bb74d1dc50025c2ac","69d089a0f1f3f91cb65d029a","2026-04-04T03:46:40.799000","2026-04-04T03:46:40.799000","69c78a963cd6683d792802fc","tiwariutsav108@gmail.com","false"
"false","❌ Task Rejected",""" Captcha Filling"" rejected. Reason: This ID is currently freely unlocked; however, task submissions are not permitted through this account. Access to the recruiter panel is provided exclusively to our VIP head agents. We kindly request that you please refrain from submitting tasks using this ID.","rejection","69cdfdfd495b883b07a9863b","69cfeb3c89d9fb1cbbef68cc","2026-04-03T16:30:52.667000","2026-04-03T16:30:52.667000","anonymous","anonymous","false"
"false","❌ Task Rejected","""Data Entry"" rejected. Reason: ....","rejection","69cd023bb74d1dc50025c2ac","69cfeab0aeea6a159b4892cf","2026-04-03T16:28:32.494000","2026-04-03T16:28:32.494000","anonymous","anonymous","false"
"false","✅ Task Approved!"," Captcha Filling approved! ₹200 credited to your wallet.","approval","69ce030b000fb95d22d7effa","69cfeaab98ddd88eda435ba9","2026-04-03T16:28:27.025000","2026-04-03T16:28:27.025000","anonymous","anonymous","false"
"false","❌ Task Rejected",""" Captcha Filling"" rejected. Reason: You didn't give the access of google drive","rejection","69ce04fb1ae8004564d4a5a7","69cfeaa46bbddc172b216fc5","2026-04-03T16:28:20.909000","2026-04-03T16:28:20.909000","anonymous","anonymous","false"
"false","❌ Task Rejected","""Data Entry"" rejected. Reason: wrong solution","rejection","69cdefb14809bcb1180a344e","69cdf083c4ef67798648c526","2026-04-02T04:28:51.876000","2026-04-02T04:28:51.876000","69c78a963cd6683d792802fc","tiwariutsav108@gmail.com","false"
"false","✅ Task Approved!","Data Entry approved! ₹200 credited to your wallet.","approval","69cd023bb74d1dc50025c2ac","69cd07e6ae4b9601ff7068a0","2026-04-01T11:56:22.640000","2026-04-01T11:56:22.640000","69c78a963cd6683d792802fc","tiwariutsav108@gmail.com","false"
"false","✅ Task Approved!","Form Filling approved! ₹180 credited to your wallet.","approval","69cd023bb74d1dc50025c2ac","69cd07e562e7c3c6edd6c0b5","2026-04-01T11:56:21.421000","2026-04-01T11:56:21.421000","69c78a963cd6683d792802fc","tiwariutsav108@gmail.com","false"
"false","✅ Task Approved!","Hard Captcha Filling approved! ₹150 credited to your wallet.","approval","69cd023bb74d1dc50025c2ac","69cd07e46e14bbb5acf81d9c","2026-04-01T11:56:20.525000","2026-04-01T11:56:20.525000","69c78a963cd6683d792802fc","tiwariutsav108@gmail.com","false"
"false","✅ Task Approved!","PDF to Word Typing approved! ₹220 credited to your wallet.","approval","69cd023bb74d1dc50025c2ac","69cd07e390ba6d0d0e957024","2026-04-01T11:56:19.569000","2026-04-01T11:56:19.569000","69c78a963cd6683d792802fc","tiwariutsav108@gmail.com","false"
"false","✅ Task Approved!","Grammar Correction approved! ₹160 credited to your wallet.","approval","69cd023bb74d1dc50025c2ac","69cd07e242ff15584a1c630e","2026-04-01T11:56:18.047000","2026-04-01T11:56:18.047000","69c78a963cd6683d792802fc","tiwariutsav108@gmail.com","false"